RecombID,NormFitness,Date
node_1034042,0.20503762975269796,2023-02
node_1033609,0.4519353673821217,2022-05
node_1033534,0.18441037970602955,2022-02
node_1460838,0.24773527810186902,2022-12
node_1286772,3.373243166617535,2023-01
node_2205679,-0.542173448014398,2022-03
node_1460837,0.26082278226903816,2022-09
node_908965,0.1800137763717067,2022-06
node_1088271,1.0,2023-02
node_912310,-0.007630803946502536,2021-10
node_1305677,1.0,2023-02
node_1226671,-0.14706651525040662,2023-02
node_917232,0.14359037320121423,2023-02
node_1114565,4.379133532244667,2023-01
node_1297994,1.0,2023-02
node_1112883,0.0,2023-02
node_1188870,0.999903250811298,2023-01
node_1084026,1.0,2023-02
node_911455,1.9307131698837372,2022-05
node_1101495,0.634677590660194,2023-01
node_1270552,0.0,2023-02
node_912103,2.776636802529489,2021-05
node_1427771,0.2020416776817739,2023-02
node_1082449,1.0201829710148025,2023-02
node_908957,0.01539286329205825,2021-04
node_1460944,0.12401236263922977,2023-01
node_1286773,3.4719673831393822,2023-02
node_1214048,0.0,2023-01
node_2061051,1.0297708177278868,2022-11
node_1207583,0.9997449796499255,2023-02
node_1421962,1.0,2023-01
node_1849159,-0.17550158884589173,2022-12
node_2065986,0.290149436689146,2022-10
node_1295707,4.863745397696604,2022-11
node_911454,2.093789014603322,2022-01
node_1310274,1.0,2022-09
node_1365291,1.428410672332569,2022-09
node_1378081,1.1311114647366252,2022-12
node_1419152,-0.997777877444674,2023-02
node_1111808,1.0,2023-01
node_1778972,0.9906348055268324,2022-11
node_1294292,-1.1310855194344682,2023-02
node_1636209,-0.000288617119677111,2023-01
node_553513,1.061196451531364,2022-10
node_1428028,0.9834734451641259,2023-02
node_1110949,0.8903411017733749,2023-02
node_1378038,1.377622514852559,2022-10
node_1377982,0.9332933286375312,2022-09
node_2065984,1.0502849897688962,2022-07
node_1188485,1.0,2023-01
node_1088305,0.0021771559373645003,2023-02
node_1309803,0.9993984899757783,2023-02
node_1365290,1.0244112968130028,2022-08
node_908961,1.4111134530266494,2021-09
node_1714303,0.9745760962345523,2023-01
node_1707460,1.0,2022-08
node_2156341,0.4026128780001663,2022-09
node_2156342,1.0,2022-10
node_1294290,0.8812138874183443,2023-02
node_1416549,0.9722971613990915,2023-01
node_1666043,0.9685848579144225,2023-02
node_1294973,7.2976545923491365,2023-02
node_1417089,1.0,2023-02
node_1684454,0.9995978372164571,2022-12
node_1082770,1.2637388493574846,2022-12
node_1461036,2.4711649057236325,2022-10
node_1377968,0.9183432750848437,2022-08
node_1189839,1.1807648417417862,2022-10
node_2065978,3.550977006369415,2022-06
node_1413595,-0.6276585192113038,2023-01
node_1698705,0.9708544321949427,2023-02
node_1461027,2.1581478414212945,2022-09
node_1190529,0.3459031433548597,2022-10
node_1715535,-3.4041750082861255e-05,2022-10
node_1460963,0.16799340070910332,2023-01
node_1392554,0.9545311738206503,2022-10
node_1035922,1.0,2022-11
node_1508762,-0.04942534228010868,2022-06
node_2156340,0.7915292126671449,2022-08
node_1286841,1.411279613079692,2023-01
node_1310133,0.9231300165803529,2022-12
node_1713884,1.0,2022-09
node_2065977,0.20430025181063538,2022-06
node_1392143,0.9952006612674965,2023-02
node_1626349,-0.0003482320063196543,2023-01
node_1960550,-0.9365420067657874,2023-01
node_1424977,1.0,2023-01
node_1849093,1.0506152566918214,2022-12
node_1412912,0.9957416306101607,2022-12
node_1633477,-0.3445968463649761,2022-12
node_1849095,0.9033239286764501,2023-02
node_1670124,-0.05296830384605641,2023-01
node_1647161,0.8584691110929301,2023-02
node_1277583,0.0111982156446253,2023-01
node_1380871,-0.13038720711638008,2022-12
node_1693585,0.9691113337520424,2023-01
node_1626068,0.7935978274083344,2022-12
node_1849090,-0.2758841745900275,2022-11
node_1880595,0.685051018025045,2022-12
node_1461214,7.989254584992325,2022-09
node_1461043,0.5329394525086179,2022-11
node_1680573,-0.0005364116979984026,2023-01
node_1717064,0.8985452380453404,2023-01
node_1310303,0.0,2022-09
node_1666588,0.0,2022-11
node_1691487,-0.03999433977922051,2022-11
node_1461048,0.34403066264223414,2023-02
node_1849143,0.8448530819362814,2022-12
node_1829764,0.0,2022-10
node_1713940,1.0,2022-12
node_1461154,1.1815169991391365,2022-06
node_1461193,-0.15809593167217162,2022-11
node_1193590,1.0981922485596733,2023-01
node_1742550,0.9998922835742708,2023-01
node_909015,1.0743105214136792,2022-09
node_1659908,1.0767611997926583,2023-01
node_1707627,0.0,2022-11
node_2156321,1.0,2022-06
node_1634768,1.0000432458403434,2022-12
node_1461212,0.061038314790047996,2022-08
node_1721750,-0.0014711116901496113,2022-12
node_1310135,1.1311891514769963,2022-12
node_1363155,1.0,2022-10
node_1580420,1.0,2022-09
node_2136884,1.0,2022-09
node_2065720,1.1382882410190276,2022-12
node_1666902,0.997844736596227,2022-11
node_1938786,-0.02174874965785935,2022-09
node_1460958,1.0940072025280436,2022-08
node_1849763,0.9396626863689337,2022-12
node_1365991,0.6371186120894241,2022-07
node_1441976,1.9424980909324234,2022-10
node_1849072,0.7264933289157323,2023-01
node_1812205,1.7866289162330924,2022-12
node_1619873,5.485120921828201,2023-01
node_1820066,0.11445608980745033,2022-12
node_1707712,1.0,2022-12
node_2205672,0.12613081342327867,2022-11
node_1508600,0.0,2022-05
node_1404814,0.0,2022-10
node_908959,0.8590012154518056,2021-06
node_1999812,0.8612668182331497,2022-10
node_1663006,1.0345896743916483,2022-10
node_1461211,0.3467542266682164,2022-07
node_1580441,0.23155800885872369,2022-12
node_526917,1.223325528849097,2020-09
node_1944018,1.7701092457212422,2022-12
node_1814830,0.22526923706532365,2022-12
node_2205656,0.5465827828199363,2022-08
node_1589943,0.0,2022-08
node_2033178,0.0838672806041492,2022-12
node_1609458,1.0960976845534154,2022-10
node_1636504,-0.010128624122326157,2022-12
node_2065664,0.7823960354610716,2022-07
node_1633278,0.338523072735916,2022-12
node_1622301,2.304971066098367,2022-11
node_1658993,0.9999683618297173,2022-12
node_1394246,-0.0036863793921950026,2022-12
node_1630804,0.9331676017962559,2022-11
node_1892117,3.48390893007215,2022-11
node_1622516,0.9190803367499155,2022-09
node_1331681,0.0,2022-12
node_1707576,0.0,2022-11
node_1819221,0.37857910282903784,2022-11
node_1749362,4.843927817020453,2022-09
node_1960218,1.0275837137206993,2022-10
node_909418,1.0502364540909381,2022-11
node_1882189,3.3072304404834263,2022-08
node_1823156,0.9694939935015892,2022-11
node_2065842,1.4160276522055912,2022-08
node_1391764,-0.05764251883297282,2022-11
node_1707638,1.0,2022-10
node_1617150,-1.1698627609679828,2022-11
node_1614574,0.47957878888794975,2022-12
node_1824674,1.1325364624991523,2022-11
node_1974498,1.1596659193631262,2022-12
node_1699188,0.9670966124765535,2022-11
node_1313133,2.1857619602401885,2022-12
node_1610455,0.9999032998111623,2022-11
node_1401938,-0.007406579669996439,2022-11
node_1938785,0.05089252805867732,2022-08
node_1311385,0.0,2022-11
node_2065832,-0.3800447903558019,2022-11
node_1310894,-7.56923569027731e-05,2022-10
node_1734556,1.2658727997917905,2022-11
node_2063059,-1.6803967448335705e-05,2022-09
node_2115640,0.9959873069263101,2022-10
node_1312160,1.0,2022-10
node_2066162,0.8222252541582198,2022-07
node_2136952,1.0,2022-10
node_1823971,1.313719220564774,2022-11
node_1947780,0.024581616902744356,2022-09
node_1826191,0.10783320523459204,2022-11
node_1662961,0.8513934725583292,2022-12
node_1344341,0.9999124770779402,2022-10
node_1377979,3.1329734232111184,2022-11
node_1441647,0.0,2022-12
node_1615030,1.0,2022-12
node_1413505,0.0,2022-11
node_2065878,1.0,2022-09
node_1659770,1.0,2022-10
node_2043265,1.73314541120582,2022-11
node_1605396,1.053079091430792,2022-11
node_1389754,1.0,2022-09
node_1461120,1.62294405582921,2022-09
node_1910816,1.0095292801196356,2022-10
node_1818182,1.0,2022-11
node_1745593,1.0,2022-10
node_2170808,0.0,2022-10
node_2273276,0.04529101733374472,2022-06
node_1427849,-2.5662253060210054e-05,2022-10
node_1404775,1.0,2022-10
node_1628585,0.6797812663041289,2022-11
node_1695614,1.0,2022-11
node_1909944,1.0,2022-06
node_1677260,-4.9723081898906045,2022-11
node_2060781,-0.00018774026157594817,2022-11
node_1605509,1.3248617567498002,2022-10
node_1789051,1.9571064277538732,2022-09
node_1707600,0.0,2022-10
node_1825678,0.98183663425443,2022-11
node_1835269,1.0,2022-07
node_1310252,0.33885285853328295,2022-09
node_1584311,0.9988527436791801,2022-09
node_1995011,0.9993870175489722,2022-09
node_1659649,-0.010059470201710125,2022-10
node_2198216,0.7260023597820593,2022-08
node_1800823,1.8749750804926768,2022-09
node_1980189,1.0,2022-09
node_1628576,0.7265743019101798,2022-11
node_1707694,1.0,2022-10
node_1874946,1.0290184103336573,2022-10
node_2065960,-0.955802055229818,2022-11
node_1713374,1.1819146104727725,2022-09
node_1723107,0.9668610704945056,2022-11
node_1362858,1.351973485930654,2022-09
node_1765633,0.0,2022-05
node_1621325,1.0,2022-10
node_2031811,0.8892940787858701,2022-10
node_1583753,0.5096699166670423,2022-10
node_1874932,0.6175379285889877,2022-10
node_1862464,1.472457003603794,2022-09
node_1746402,0.7819990362904488,2022-10
node_1847236,1.08189854832206,2022-11
node_1807775,2.972395889045753,2022-10
node_1861608,0.998721140650508,2022-10
node_1843959,0.9989866824623627,2022-10
node_1884960,1.0,2022-07
node_1914324,1.0,2022-08
node_2205654,0.08230355066611615,2022-05
node_1435950,0.0,2022-10
node_2090281,1.2077196856351742,2022-10
node_2065869,-0.36175052688365616,2022-09
node_1435454,-0.00013894708002643266,2022-09
node_1365460,0.0,2022-09
node_1787671,-0.0002542999474443762,2022-09
node_2131208,-0.0007277213041601331,2022-10
node_1439779,1.9157958861779807,2022-09
node_1583078,0.17243455335307484,2022-06
node_1922350,0.7816846595542746,2022-09
node_1812200,2.650223940715407,2022-07
node_2030494,0.6816453246596564,2022-09
node_1377949,0.5707855034967644,2022-10
node_1830901,0.0,2022-08
node_1848630,0.8414464183492584,2022-06
node_2050836,0.1619855390704215,2022-06
node_1824128,1.0,2022-11
node_2067151,1.7646675506050908,2022-07
node_1982293,1.0,2022-07
node_1909990,0.0,2022-08
node_1866469,0.1414246493627587,2022-09
node_1780255,2.8541632756181747,2022-09
node_1809027,1.1397439278756276,2022-10
node_1740840,1.0,2022-10
node_1508625,0.6231585460749122,2022-05
node_2078626,0.8704007126790396,2022-08
node_1461139,0.11012966761579063,2022-10
node_2136944,1.0,2022-09
node_2060799,1.0,2022-06
node_2065830,0.12981298838900995,2022-08
node_2049905,0.0,2022-10
node_1710999,0.6763567486685258,2022-09
node_2060057,1.0,2022-09
node_2003986,1.792464283309076,2022-08
node_2143258,1.116032807196276,2022-08
node_2004445,0.0,2022-08
node_2054062,0.9999077479903199,2022-09
node_2067026,1.9663250539823418,2022-09
node_2148992,0.001836123287117021,2022-07
node_1440809,0.0,2022-06
node_1812202,0.5352479645961316,2022-10
node_2186617,1.0,2022-09
node_2067005,1.8007158717797773,2022-08
node_1814758,1.0,2022-06
node_2192015,0.4561048718068982,2022-10
node_1780258,1.2195450790957232,2022-10
node_227128,0.9651758705507723,2022-07
node_1939578,-0.2250994096469312,2022-10
node_2003599,0.8012726918390198,2022-10
node_2005193,0.0,2022-08
node_2065612,3.3625341854664126,2022-08
node_2065747,-0.000843883481629416,2022-07
node_2042573,1.0,2022-08
node_2136576,1.9764442038172085,2022-08
node_2066169,-0.7116489157729389,2022-07
node_2066892,3.37847019539513,2022-09
node_2124567,1.1410059030822577,2022-09
node_1573818,-0.2202824697601491,2022-10
node_2030177,-0.0002356246439478394,2022-10
node_1917980,-0.01985761414641751,2022-08
node_2005491,1.0,2022-08
node_1780276,1.4028799383274448,2022-10
node_1811432,1.0,2022-08
node_2059993,1.455473401204926,2022-09
node_1981029,-0.006306458562938151,2022-10
node_2135556,0.09498321048991919,2022-10
node_1509017,0.4670066182805699,2022-06
node_1508657,0.3745320206656177,2022-06
node_1814846,1.4793382585391306,2022-09
node_2114860,3.0058316483978524,2022-09
node_2136309,0.0,2022-06
node_1986867,0.0,2022-09
node_1738687,0.07166984390998074,2022-09
node_2065980,1.0419164667377292,2022-08
node_2041620,1.0,2022-09
node_2063675,0.66125516063819,2022-10
node_1744422,1.1861573210959344,2022-09
node_1583734,3.096604331860074,2022-10
node_1376436,0.1420609380724444,2022-03
node_1790855,-0.09557807520939804,2022-08
node_2136313,1.0,2022-06
node_1762341,0.6744105228505699,2022-09
node_2121638,4.301885354145857,2022-09
node_1605473,0.6849623252353485,2022-08
node_1583818,0.9508861780402197,2022-08
node_2158931,1.0008057232392849,2022-08
node_2004505,1.0,2022-08
node_2109179,1.2412058538945125,2022-08
node_1574365,0.0,2022-09
node_2103499,2.5208301249866847,2022-07
node_526974,0.049155535478159686,2021-06
node_2166195,0.31445705240854954,2022-08
node_1583142,0.15053904307877936,2022-07
node_2142930,-1.5054411098215906e-05,2022-09
node_526916,3.955204572218157,2020-04
node_2192907,0.002501703994771643,2022-06
node_1902830,0.5075446415049523,2022-07
node_1814769,1.0,2022-06
node_2065963,0.0,2022-09
node_1957005,0.3122115749760193,2022-09
node_1583143,0.12069544739050148,2022-08
node_2008994,1.0,2022-08
node_2102759,0.0,2022-08
node_2178134,0.9138117205945497,2022-07
node_1929538,-1.4637812266138011e-05,2022-09
node_1856760,1.3273770103154559,2022-09
node_2055692,-1.604624897054649e-05,2022-07
node_2066931,0.7890102243702887,2022-08
node_2084520,0.48947940179837524,2022-08
node_1917981,1.0,2022-09
node_1909908,1.0,2022-09
node_2184618,1.0,2022-09
node_2255455,0.0,2022-01
node_2073542,0.5093808514388358,2022-05
node_1587455,0.5669680027304337,2022-06
node_1759062,0.0,2022-06
node_1377966,3.7381166243902273,2022-08
node_1744495,-0.0657033255986352,2022-08
node_2127987,0.8823357667637325,2022-09
node_1580524,1.1753624495863513,2022-09
node_1789035,2.1240938478710887,2022-08
node_1998945,0.0,2022-06
node_2004335,1.0,2022-08
node_2159371,-0.00026998238301756796,2022-08
node_1760507,9.568553027784132,2022-09
node_1572378,0.9953338660275596,2022-08
node_1517866,0.5731792733283674,2022-05
node_2005198,0.0,2022-08
node_2126161,0.06553774555452892,2022-08
node_1765789,0.2032083534279635,2022-07
node_1567073,0.5137349869244613,2022-08
node_2103507,0.5836208282678097,2022-09
node_1921583,-1.4869525496996906e-05,2022-08
node_1738676,0.9614018604041642,2022-06
node_2084070,1.549266360875737,2022-06
node_2004914,1.0,2022-08
node_2026596,1.0129690240507099,2022-07
node_1592195,0.9994419011306082,2022-09
node_1914309,0.0,2022-07
node_633736,0.37844369004249606,2022-06
node_1910001,0.0,2022-07
node_2073579,0.6268928913102099,2022-06
node_1873789,2.0379958516018464,2022-08
node_2090552,1.381125397404815,2022-08
node_1775664,1.0011493223113925,2022-08
node_2004630,0.0,2022-08
node_1517814,0.7358167886600259,2022-05
node_2123468,0.9079050179133159,2022-06
node_1932360,0.0,2022-08
node_1765699,0.0,2022-08
node_2179474,1.0,2022-07
node_977821,1.0001836251059655,2022-03
node_2156353,0.0,2022-06
node_2066915,3.596689021572782,2022-08
node_1813285,0.0911938945425515,2022-08
node_2144540,0.18238582796571223,2022-07
node_1909954,0.0,2022-08
node_1892798,-1.682688680691765e-05,2022-06
node_2065816,0.6607147613723142,2022-07
node_1738704,0.0,2022-08
node_2196913,-0.3453381182519234,2022-08
node_2118189,0.4398608721462487,2022-07
node_1910177,0.121321434093758,2022-07
node_1578392,1.0,2022-07
node_1894523,6.416415168758692,2022-08
node_1884967,0.38326306431033147,2022-08
node_2113820,0.9232450809450737,2022-05
node_1517729,0.0,2022-03
node_1801927,1.0000746384880663,2022-08
node_1517790,0.0003648429487446326,2022-04
node_1587931,1.0,2022-06
node_2097147,1.0,2022-08
node_1905937,1.0135248472742238,2022-08
node_1745697,1.0,2022-08
node_2147039,0.17270887463582058,2022-08
node_1587932,1.0,2022-07
node_1003322,0.0,2022-01
node_1750163,0.0,2022-07
node_2069055,0.7607764290916675,2022-07
node_2003751,0.0,2022-08
node_1739456,0.0,2022-06
node_1994430,0.0,2022-08
node_1765845,0.0,2022-08
node_2120646,0.7255540927272531,2022-08
node_2160886,0.17252958561371504,2022-06
node_1558400,-7.123487940846727,2022-05
node_2092383,0.0,2022-07
node_1953564,-1.613350629501308e-05,2022-06
node_1517907,1.003406400006663,2022-06
node_1558401,0.0005549410838833002,2022-06
node_2112084,0.9473504397895521,2022-06
node_1758308,1.574375607256536,2022-08
node_2160647,0.0,2022-05
node_2065576,0.851492757462999,2022-08
node_1873611,-0.16438823432893185,2022-08
node_2160649,0.0,2022-05
node_1552018,0.8974828155475787,2022-05
node_2125485,0.6499018412879788,2022-05
node_1583691,0.05409131275513803,2022-07
node_2196839,1.0,2022-08
node_1750464,0.9893384290139567,2022-08
node_1572352,0.28440169552198324,2022-07
node_2064104,0.9991469156505983,2022-07
node_2085024,-0.0011373927895955802,2022-07
node_1569361,0.0,2022-06
node_1848804,1.0023145204162767,2022-06
node_1574831,-0.04230314374357007,2022-07
node_1745987,1.1272928771782929,2022-08
node_2086397,1.0,2022-07
node_1765682,1.0,2022-07
node_1738647,0.0,2022-06
node_2108447,0.0,2022-06
node_2196522,0.0,2022-05
node_2129923,1.0,2022-07
node_2165808,0.9997347223595555,2022-07
node_1932519,-1.4896384216343112e-05,2022-07
node_1767340,-1.3487644909765698e-05,2022-05
node_1555854,0.42725606363372926,2022-04
node_2200837,0.9495186320405999,2022-06
node_1790305,1.0,2022-06
node_2053119,0.0,2022-05
node_2125863,0.0,2022-07
node_2080993,-0.7357230390568904,2022-07
node_2119347,-0.0001833675439664429,2022-07
node_1912795,0.0,2022-05
node_1752055,1.2985146862328567,2022-08
node_2194883,0.9997390146646271,2022-07
node_1508741,0.6588309224277679,2022-06
node_1795474,0.0,2022-06
node_1575934,-0.22599377280648716,2022-07
node_1473793,0.14185955549805263,2022-04
node_2203518,0.8911652747407479,2022-05
node_1942412,0.0,2022-07
node_2170654,-0.00017131471908461766,2022-07
node_2074144,0.9972146963570836,2022-07
node_1606523,0.8881352709939855,2022-06
node_1741018,0.0,2022-07
node_1518017,0.20039360796755956,2022-04
node_2113814,1.1991977502450981,2022-06
node_2105564,0.23645480509393704,2022-07
node_1604798,0.1108177478994986,2022-07
node_2203830,1.3783471737455435,2022-07
node_1518174,0.0,2022-04
node_2127293,0.5681245504366965,2022-06
node_1769280,1.0,2022-05
node_1942598,1.0,2022-06
node_1587564,0.9426611172882298,2022-06
node_1518194,-0.0006412958583019565,2022-04
node_2193762,1.0,2022-06
node_551482,0.6895540757452464,2021-11
node_1558278,4.3836094935957165e-05,2022-05
node_2143582,1.042754641862368,2022-05
node_1474599,0.8590300269813285,2022-07
node_1517829,1.0,2022-06
node_1518195,0.0,2022-04
node_914269,0.7417410491427531,2022-05
node_1765734,0.0,2022-06
node_2004946,1.0,2022-07
node_1747527,0.32763105132514814,2022-07
node_1745286,1.0,2022-06
node_80291,7.305524873185379,2022-06
node_1453118,1.3863330861462904,2022-01
node_1555022,0.9981785421454573,2022-05
node_1487489,0.02082993613241046,2022-05
node_1782472,1.0,2022-05
node_1583672,1.5274150339457273,2022-07
node_1605490,3.3219590548120776,2022-06
node_1572383,0.09330195752458473,2022-06
node_2152523,-1.5781347032319517e-05,2022-06
node_1912138,-2.5082675372693073,2022-06
node_1518016,1.0,2022-04
node_1790313,1.0,2022-06
node_2125382,0.0,2022-06
node_610867,0.2767116597381445,2022-06
node_1570957,1.0,2022-07
node_1518275,1.0,2022-04
node_1905458,0.8829234872906294,2022-05
node_1494316,0.5865777559467832,2022-03
node_551470,0.12836484370171777,2021-10
node_2203527,0.9876370916900253,2022-06
node_1605453,0.4206342067105334,2022-06
node_2106299,1.0,2022-06
node_2203802,0.4969530261559523,2022-02
node_1518140,0.9779483426480817,2022-04
node_2203553,0.5787210700813811,2022-05
node_2067039,1.0095623595341807,2022-06
node_676607,0.9701665229753091,2022-03
node_2394178,1.0,2022-04
node_1574442,-0.18442440223373727,2022-06
node_2294604,1.019091854377927,2022-03
node_1518152,1.0,2022-05
node_1336051,0.8185799059716803,2022-04
node_1518145,1.0076190736464186,2022-04
node_1518234,1.0006757730725186,2022-04
node_1750235,1.0,2022-05
node_1750007,-0.00017099491178621784,2022-06
node_1518277,0.0,2022-04
node_1477332,0.0,2022-04
node_917594,0.00014567464399531,2022-02
node_1750021,0.0,2022-06
node_1501349,1.0012332544386078,2022-06
node_1486028,0.6517731101248021,2022-05
node_1520398,0.2436978297310779,2022-04
node_2250785,0.6575716795183006,2022-05
node_2389164,0.0,2022-01
node_2202132,0.1016031705789977,2022-05
node_2400078,0.00018467435685330655,2022-05
node_916880,0.8945607757328161,2022-04
node_1518339,1.0,2022-04
node_1524990,0.5130784890209955,2022-05
node_1518340,1.0,2022-04
node_2203787,0.7380076054030053,2022-06
node_2082909,1.5108089653740833,2022-05
node_2363372,-0.013252504959536044,2022-06
node_1556024,-0.03516066182306123,2022-05
node_2250994,0.46785303734971134,2022-02
node_1596388,-0.09580774000232596,2022-06
node_2261445,0.9945623821547525,2022-06
node_928349,1.0,2022-01
node_1458754,0.04764187077231762,2022-06
node_1498371,0.0,2022-04
node_633722,0.8361525612426685,2021-12
node_2182947,1.0,2022-04
node_1518283,0.0,2022-05
node_1518214,0.004620456059984802,2022-05
node_1555935,0.8691002784951825,2022-06
node_966772,0.9492437951591126,2022-06
node_1477389,0.0405389625313857,2022-06
node_2395080,1.0,2022-04
node_1518238,0.9965068451600577,2022-05
node_1487466,0.6087310671478326,2022-05
node_1518090,0.004620456059984802,2022-04
node_2312461,0.0,2022-02
node_999682,0.9850202885066155,2022-01
node_1524693,0.9752300374880387,2022-02
node_2392874,0.052120480588977475,2022-06
node_1375050,-0.00014629457940810276,2022-05
node_1529612,0.40467716204520154,2022-06
node_2203572,0.1141959679602101,2022-05
node_2305420,1.948867334471435,2022-05
node_1517800,1.0003920047636161,2022-05
node_2395058,0.0,2022-01
node_1448743,-0.00485117692664518,2022-04
node_1530705,0.48301974732782366,2022-07
node_1526521,1.002566783216016,2022-05
node_633702,0.9689932070146738,2021-11
node_1540645,0.9483534060076472,2022-05
node_1526524,2.5936490314833196,2022-05
node_926657,0.018135034269806363,2022-04
node_1501949,2.1300895813131224,2022-05
node_2203817,-0.15150839644778097,2022-05
node_1518129,0.0,2022-05
node_2252205,0.9836871353149715,2022-04
node_2249845,0.9994876108939038,2022-01
node_2340800,0.29635374583889795,2022-05
node_2239266,0.0,2022-04
node_1572506,0.9359803310639075,2022-05
node_1517719,0.0,2022-04
node_2246816,0.6606350399223203,2022-03
node_996915,1.0,2022-03
node_2251094,0.6091795544235157,2022-04
node_1493518,-0.24366418065743198,2022-04
node_991809,0.0,2022-04
node_920964,-0.007865041044565585,2022-04
node_596267,0.8917390269005412,2021-11
node_1517739,1.0,2022-04
node_1567324,-0.042713799701301354,2022-04
node_1489544,-0.9615625832924614,2022-04
node_2203585,0.7520870986076233,2022-03
node_613762,-0.10071774269630092,2021-12
node_1498373,0.0,2022-05
node_719345,0.1896449982279388,2022-03
node_2346639,0.10946430713571004,2022-04
node_922192,1.1112548517483152,2022-02
node_2251147,0.62179830397777,2022-03
node_970188,0.17906079240054754,2022-04
node_2305338,0.8527246085062105,2022-03
node_833750,0.6850064212226129,2022-05
node_2384141,0.0,2022-05
node_1447571,1.0,2022-02
node_921623,1.2467521639173922,2022-04
node_2203741,0.7363865158248364,2022-05
node_1517073,0.628763691868442,2022-05
node_1350447,0.0054446963003994785,2022-05
node_2369111,0.0,2022-03
node_879280,2.0384651479995775,2021-11
node_2227240,0.009363882312833078,2022-01
node_2250881,0.41853875144411473,2022-04
node_916162,-0.017151116134712843,2022-05
node_2250821,-0.4790237534234556,2022-02
node_2377723,0.3074414587503429,2022-03
node_2639557,1.8159009795139707,2022-03
node_2410289,0.28857859868526947,2021-10
node_1468317,0.9725078924669024,2022-03
node_2260338,-0.0004270085524766929,2022-04
node_923304,0.9725078924669024,2022-04
node_2249794,0.8730783731883204,2022-03
node_1458429,1.040302749696604,2022-04
node_922191,0.0,2022-01
node_2410005,0.9977492742885734,2022-03
node_2250824,0.42436170393533673,2022-05
node_2389210,0.0,2022-02
node_2396222,0.8139910400710985,2022-02
node_1458160,0.9725078924669024,2022-04
node_917446,0.9042717159616146,2022-02
node_2227897,1.0309762709576553,2021-12
node_1375904,0.9725078924669024,2022-03
node_2398768,1.0196174310519548,2022-04
node_922201,1.0010014741108963,2022-03
node_796910,4.727363177432159,2022-02
node_1548528,0.11911838411504262,2022-03
node_1008533,0.2321051634334638,2022-04
node_2395104,0.0,2022-04
node_2215575,0.9756806976145701,2022-03
node_2251328,0.27315164566278766,2022-04
node_948835,-0.031645471028082336,2022-04
node_945706,0.0404233294497223,2022-03
node_2389261,0.0,2022-04
node_917763,0.9117797212192281,2022-03
node_943292,0.007993818549953593,2022-03
node_797973,-0.028870783635058298,2022-04
node_757960,0.09970942248914282,2022-03
node_2344298,-0.6509931203531449,2022-03
node_2251130,0.42153080555738337,2022-04
node_917631,0.305934373946637,2022-01
node_1349943,0.0,2022-01
node_2251107,0.7921776742057749,2022-02
node_1520768,0.8787871543618073,2022-02
node_1368448,0.9722652027847936,2022-03
node_846424,0.0,2021-12
node_2227259,1.0,2022-04
node_921222,6.368861237746029,2022-04
node_903159,0.0,2022-03
node_2251101,0.801656089431779,2022-03
node_2305872,0.6242306888611833,2022-03
node_869954,1.0,2021-12
node_551501,0.4641913219287179,2021-12
node_1541986,0.22788321637609346,2022-03
node_975318,0.9725177550625957,2022-02
node_1541264,0.0,2022-04
node_2217621,0.0,2022-04
node_2389319,0.0,2022-02
node_1445011,0.9707419390598365,2022-03
node_1352714,1.7820355368184664,2022-03
node_2250917,0.739326053725659,2022-02
node_551518,0.5521284984354393,2021-12
node_838608,-0.030943604181770504,2021-12
node_2272010,-7.4274338985030505e-06,2022-04
node_962515,-1.772287531043843,2022-03
node_551572,0.7895013446679683,2021-11
node_1033370,0.0,2022-03
node_993295,0.0,2022-01
node_800018,-0.028577765150068844,2022-03
node_2250921,0.33156367728183156,2022-02
node_2214425,0.0,2022-03
node_1447659,0.0,2022-03
node_939949,0.9725078924669024,2022-03
node_725714,1.943786701575088,2022-01
node_783115,0.7094293182851018,2021-11
node_2382272,1.1068696630873256,2022-04
node_2253486,1.8518379727135978,2022-03
node_916988,0.8970398943320779,2022-03
node_902959,1.0,2022-02
node_678178,1.0,2021-11
node_551582,1.0669558620188355,2022-01
node_1027420,0.9732655361563189,2022-02
node_1030065,0.9763872039349479,2022-03
node_2305677,0.0043131494820030205,2022-03
node_2306092,-0.08266463216839053,2022-03
node_968228,0.9725081307438883,2022-03
node_2257289,0.9997128274833558,2022-03
node_2257641,0.04741286965922971,2022-03
node_907053,0.30365813465517155,2022-01
node_917998,0.9725078924669024,2022-01
node_596476,1.0,2022-01
node_633710,0.9548280195943685,2022-01
node_677467,0.20372158891460038,2022-03
node_556450,2.2935322019096795,2022-03
node_879995,1.043095112978421,2022-02
node_2265170,0.0,2022-03
node_578377,0.989496802089286,2022-02
node_2216363,0.9756806976145701,2022-03
node_838620,1.6461883881970087,2022-01
node_746933,0.0,2022-03
node_639227,1.0528245524840505,2022-03
node_576760,1.0330155725629775,2022-03
node_2387009,0.9187789467666573,2022-03
node_2250775,1.187068928393315,2022-02
node_900187,1.0122786580761445,2021-10
node_648595,0.0,2021-11
node_838622,1.0038776004471162,2022-01
node_2341048,0.9387112838838081,2022-02
node_2223572,1.0001540497087957,2022-03
node_2365296,0.825248209122908,2022-02
node_1343374,-0.8354051035071555,2022-03
node_526952,0.19115106964712145,2021-12
node_917778,0.9795700783815754,2022-02
node_737404,0.9893392921612226,2022-02
node_993272,1.0640427722648211,2022-02
node_842051,-0.02172310713532982,2022-03
node_897314,3.0086185590999186,2021-11
node_894474,2.4619812964791867,2021-12
node_869896,1.0,2022-01
node_804558,1.0,2022-01
node_1339051,0.030422104913329136,2022-02
node_869223,0.0,2022-02
node_2370173,1.0,2022-03
node_1030352,1.0,2022-03
node_2233855,0.9725078924669024,2022-02
node_2273973,1.1175784010455188,2022-03
node_903612,0.0,2022-01
node_2232758,0.4637446384431777,2022-02
node_811519,0.0,2022-01
node_2409795,2.271993730886521,2022-01
node_558090,0.30533720329929626,2022-02
node_758780,1.0,2022-02
node_648646,1.0,2022-01
node_550952,1.0,2022-02
node_530307,0.989757752603456,2022-02
node_900645,0.026874478379971242,2022-01
node_948532,-0.021579528771273577,2022-01
node_894471,1.0061790996892952,2021-12
node_2250796,0.7946089817455361,2022-02
node_676883,0.9803660525675956,2022-02
node_697629,1.1290999729770868,2022-01
node_550616,0.03796675262806587,2022-01
node_545756,1.2209818805093835,2022-02
node_870008,1.002764829917251,2022-01
node_688114,0.22520396596208558,2022-02
node_654431,-0.023480289930637735,2022-02
node_526955,0.352959501860523,2022-01
node_557993,1.0002331260740864,2022-01
node_731110,-0.31939674703118986,2021-12
node_551857,1.0,2022-02
node_638215,-0.02299509547909746,2022-02
node_565071,0.9972652877762938,2022-02
node_894505,0.02395989868192156,2021-12
node_735961,1.0226252880726887,2022-01
node_1029873,0.0,2022-02
node_653702,0.5395022566063191,2022-02
node_685051,-0.021108910153305585,2022-02
node_2389188,0.0,2022-02
node_880037,0.9802958663629542,2021-12
node_720500,0.4864389847564237,2021-12
node_720501,0.0,2022-01
node_551539,0.764626239494718,2022-01
node_1543314,0.0,2022-02
node_550656,-0.0006936406846656413,2021-12
node_576545,1.0,2021-11
node_737504,0.8060213759373644,2022-01
node_551588,-0.4481852846829205,2022-01
node_1374592,1.028431799373638,2022-02
node_2345744,-0.05761603771311806,2022-02
node_528668,1.2642318096254452,2021-12
node_539647,0.0,2021-11
node_593420,-0.024986287664488883,2022-02
node_809082,1.7704509394794707,2022-01
node_655804,0.0,2021-12
node_812346,1.2349001462835323,2021-12
node_552067,0.9562733827660125,2021-12
node_605468,0.1268410591570559,2022-02
node_921838,0.8689281254291584,2022-02
node_839166,-0.028378269389961082,2022-02
node_879704,1.0254014443506936,2022-01
node_731109,0.0,2021-12
node_621135,0.0,2021-11
node_2255057,1.0025292557487788,2022-01
node_901483,0.0,2021-12
node_629041,0.0,2021-11
node_1443767,1.0,2021-12
node_2608808,2.575410984765955,2021-10
node_550998,1.1143503208336047,2022-01
node_779189,1.0,2021-12
node_726036,1.0,2021-12
node_901507,0.7581388902470454,2021-12
node_561489,0.04000185415783004,2021-12
node_735775,1.0247086935742697,2022-01
node_690524,0.9971537567622558,2022-01
node_926557,0.8102327923799968,2022-02
node_587338,-0.03294883067624748,2022-01
node_562718,0.11146646137791129,2022-01
node_898521,0.5736500751699738,2022-01
node_861086,0.0,2022-01
node_561490,1.0,2021-12
node_898406,0.0,2022-01
node_567327,-0.0003351716179825834,2021-12
node_898026,0.0,2022-01
node_897984,2.851872557302717,2022-01
node_734917,1.1223181782184828,2021-12
node_633723,0.8832636850808506,2021-12
node_726118,0.0,2021-12
node_875449,1.0857871608121137,2021-12
node_538015,-0.22430980107677143,2022-01
node_838487,-0.034287704174692644,2022-01
node_633730,0.9469245754291898,2021-12
node_880357,0.0,2021-11
node_902130,1.0011910877210195,2021-11
node_624300,0.0,2022-01
node_600179,1.2018400155545124,2022-01
node_578341,0.9890924820591369,2022-01
node_626506,0.0,2022-01
node_3365600,0.0,2021-11
node_645395,0.22812571861850553,2021-12
node_2611855,0.8732120933490792,2021-11
node_879706,0.9334013780594654,2022-01
node_694873,0.7969380082013694,2021-12
node_621714,0.948621507357532,2021-12
node_882862,1.0,2021-11
node_3398758,0.998854762507284,2021-09
node_838941,0.013358490669590134,2022-01
node_838754,-0.028378269389961082,2022-01
node_784861,1.4323647874673184,2021-12
node_719535,1.0,2021-12
node_737363,0.9893396454429519,2021-12
node_545370,0.0,2021-11
node_902110,0.001953476271111612,2021-11
node_29018,0.37163922597365107,2021-11
node_529730,5.3051264746335995,2021-12
node_561495,1.0,2021-12
node_667511,0.0,2021-11
node_556966,1.0,2022-01
node_2725005,0.8143135277310013,2021-12
node_633727,1.0095347279583402,2022-01
node_898072,0.0,2021-12
node_660272,1.1203849060320088,2022-01
node_645390,0.0,2021-11
node_854870,1.0,2021-12
node_3126308,1.0,2021-10
node_626095,0.0,2021-12
node_555894,0.9984007488198692,2021-12
node_2819657,2.4035197938598505,2021-08
node_735659,0.0,2021-11
node_549538,1.209791667826062,2021-12
node_2750434,0.4047707820047545,2021-11
node_641661,0.3536323245556072,2021-12
node_3196244,0.5089490597359836,2021-11
node_548030,0.0003439959613647776,2021-11
node_2998922,0.0,2021-11
node_3398570,0.5838074513397687,2021-11
node_247665,0.06706699501669809,2020-04
node_664545,0.5774753230902708,2022-01
node_571485,0.0069720939206841725,2021-12
node_657169,0.2790277057590926,2021-12
node_2610244,1.0,2021-10
node_2682149,1.1621432806070384,2021-12
node_603457,0.07703312399841912,2021-12
node_2870703,-0.7692537683872069,2021-12
node_2690045,-0.013338933384428191,2021-10
node_2714995,0.8267366519069311,2021-10
node_623707,0.0,2021-11
node_2937137,0.7263489608742636,2021-11
node_2918182,0.9976048084667143,2021-11
node_2501738,0.0,2021-08
node_3327455,1.0,2021-07
node_3470803,0.33848962727490967,2021-11
node_542985,0.0,2021-11
node_3250328,1.0,2021-12
node_553905,0.0,2021-11
node_3398759,1.1518156750929607,2021-10
node_3239315,0.9838033951670797,2021-10
node_3502352,0.25459928408802013,2021-08
node_3397175,0.0,2021-11
node_2601471,1.0,2021-11
node_2923768,0.60135642076036,2021-09
node_3359281,1.0,2021-11
node_2672004,0.9859098791940801,2021-11
node_3190048,1.0,2021-11
node_3064576,1.4099547109117307,2021-12
node_3133800,0.0072114657261399435,2021-12
node_2714983,0.5331907457937709,2021-08
node_3382027,1.0,2021-11
node_2605229,3.3205043471680633,2021-11
node_2584762,1.0,2021-09
node_3199826,1.1629824441038508,2021-10
node_2956549,0.4202152597715212,2021-12
node_2604851,0.30916959208928924,2021-11
node_3401076,1.0,2021-11
node_2711010,0.20662932206339385,2021-08
node_3384642,1.0,2021-10
node_3139652,0.0,2021-10
node_2904764,0.4131752733352865,2021-10
node_3264083,0.6205614187446518,2021-09
node_2999588,1.0,2021-11
node_2735530,0.948383140970094,2021-10
node_3010549,0.9169364906678666,2021-11
node_2629006,1.0,2021-08
node_3183985,1.086384127589841,2021-11
node_3004367,0.28690073734035415,2021-07
node_2644135,-2.441396285972034,2021-11
node_2651838,0.8868423518071811,2021-09
node_3414844,0.9997117985692898,2021-10
node_3404587,2.158980384719274,2021-10
node_2955698,1.0,2021-11
node_2724359,-0.3754977850595804,2021-11
node_3133353,1.0,2021-11
node_2670221,0.000373177284405116,2021-10
node_3208998,0.018796870983905367,2021-11
node_2724318,-0.004540063210117223,2021-09
node_2587600,0.5417720689477067,2021-11
node_3253681,0.9744722892887294,2021-11
node_2691075,0.9648361610415417,2021-11
node_2733686,1.0,2021-06
node_3440529,-0.007911142658636777,2021-10
node_3295588,0.0028097044069916115,2021-12
node_3429809,1.0,2021-11
node_3198381,0.021959506843494285,2021-11
node_2927022,0.0,2021-10
node_2754519,1.0,2021-08
node_2584761,1.1256675710938593,2021-08
node_2627201,0.7185308857385921,2021-10
node_3484381,0.0,2021-11
node_2606518,-0.0016898739529717507,2021-11
node_3168463,3.3315051931029234,2021-11
node_2661906,0.076767035728112,2021-10
node_2821386,-0.7661963277766385,2021-11
node_2887007,-1.2802621537955212,2021-10
node_2787462,0.0,2021-10
node_3189024,0.0,2021-10
node_3197409,0.89229750116294,2021-10
node_3454360,0.0,2021-11
node_3195812,1.0,2021-11
node_3512615,1.0046462726350909,2021-11
node_3100546,0.0321497192206302,2021-11
node_2852388,1.0,2021-10
node_3298656,0.0,2021-10
node_2680142,1.5919073291860903,2021-10
node_2905452,1.2252798637857214,2021-11
node_2939282,0.0,2021-11
node_164348,1.0,2021-11
node_2791860,-0.2667608121441122,2021-11
node_3265721,-1.5023544935292095,2021-11
node_3502295,0.6644149636964588,2021-09
node_3191043,0.0,2021-10
node_3051565,1.3720019722005736,2021-11
node_3465723,1.042349443007827,2021-09
node_3171827,1.0,2021-05
node_3031380,0.3504332352215429,2021-09
node_3125408,0.13647022885681018,2021-09
node_3125665,-0.157382761835774,2021-08
node_2931323,0.13938300943966872,2021-08
node_3452938,0.0,2021-11
node_2801887,0.0,2021-10
node_2481927,0.0,2021-09
node_2956064,0.0,2021-11
node_2685478,0.0,2021-11
node_2544166,0.3649204517804465,2021-05
node_2705142,1.1698717916402481,2021-10
node_2975108,1.0,2021-11
node_2536709,0.06809270986073951,2021-09
node_3472897,1.0,2021-11
node_2509293,0.9056961204129637,2021-10
node_3126335,0.6526742422251464,2021-11
node_3284823,-0.00046034201028981824,2021-11
node_3222408,0.48220403139626905,2021-10
node_2829695,0.39499848987488445,2021-11
node_3253680,0.5127340059159781,2021-10
node_2839014,0.1493023648054058,2021-09
node_3303021,-0.00027300035090435865,2021-10
node_2682194,0.9950868409042445,2021-11
node_2623121,1.0001126497947543,2021-09
node_2576021,1.2955312113861759,2021-09
node_3423121,0.3577630676673741,2021-10
node_3197892,1.8865479745154745,2021-11
node_3334598,0.0,2021-11
node_2754668,0.0,2021-08
node_3189022,0.0,2021-10
node_2748947,1.0,2021-09
node_3181769,1.0,2021-09
node_3132754,1.0,2021-11
node_3077424,-0.7862951464311794,2021-11
node_2851925,0.9975805147476614,2021-11
node_3403825,1.0,2021-11
node_2797219,0.0019496825629497256,2021-11
node_2955780,-0.09449999670365425,2021-09
node_3112436,1.0,2021-11
node_3125836,-0.32316463998826295,2021-10
node_2960561,1.1684544185038708,2021-10
node_3096395,0.0033931628452198966,2021-10
node_2966151,1.001127407640252,2021-09
node_2711292,0.43650189327623135,2021-09
node_3272772,6.668771830842639,2021-08
node_3206461,0.0,2021-11
node_2954545,1.0,2021-11
node_2709300,0.4221626180851378,2021-11
node_2604405,0.03660630215816172,2021-10
node_2852795,0.20479528239437245,2021-09
node_2635350,-0.006837835445716371,2021-11
node_2545307,0.9924838029516672,2021-04
node_3017857,2.422288611284322,2021-06
node_2604942,1.001470134214695,2021-10
node_3159683,0.0048326477354399015,2021-06
node_3116654,0.003308425112329473,2021-08
node_3023306,0.6089467739423206,2021-10
node_3440517,1.0,2021-10
node_3185526,1.0,2021-10
node_2544171,-0.020938668221781212,2021-08
node_2833994,1.0,2021-05
node_3074703,0.6097946484568729,2021-11
node_2711867,1.0527384276520784,2021-11
node_2612726,0.47908326217780517,2021-11
node_3369756,0.8435889887482562,2021-11
node_2677643,1.0,2021-06
node_2642590,-4.434627760279982,2021-09
node_3073663,0.5610085259426688,2021-10
node_3496897,0.0,2021-10
node_2916966,0.6572887383235618,2021-10
node_3030292,1.0058780937192437,2021-10
node_3307635,2.6155186555651913,2021-08
node_2427431,1.7764692637991875,2021-10
node_2563323,0.12671266812839538,2021-09
node_3124746,-0.0003796771230099938,2021-10
node_2736611,0.405622766473996,2021-11
node_2637883,0.002435239262800783,2021-10
node_2590435,0.0,2021-10
node_3254371,1.0,2021-11
node_3365034,0.5443727529227806,2021-11
node_3632431,-0.5733761537657343,2021-05
node_2577147,-0.21323104409932359,2021-08
node_2841089,1.4306661900469955,2021-09
node_3122892,0.6944425467034983,2021-09
node_3416677,0.0,2021-10
node_3459404,0.3173852022339506,2021-10
node_2474473,-0.9585105054405417,2021-07
node_2621562,0.0,2021-06
node_3518964,-0.00712008688573753,2021-10
node_3073409,1.0,2021-10
node_2954739,1.0,2021-10
node_3519527,-0.4202129774066936,2021-09
node_3506539,-0.15612866329390093,2021-11
node_2784555,-0.0019578277241667336,2021-10
node_3108717,0.35754852154556455,2021-10
node_3121919,0.012583527294072742,2021-09
node_2728275,1.9549872542920264,2021-10
node_3123753,0.6364747398384766,2021-09
node_3020086,0.36106555362647524,2021-09
node_3091593,1.593661910246778,2021-10
node_3124754,-0.00023198220726955687,2021-08
node_122346,1.001424664358084,2021-09
node_3124614,0.08172215429524368,2021-09
node_3123337,1.0228103798512798,2021-06
node_2562246,0.8759206001419864,2021-10
node_3120290,9.024604173289276,2021-10
node_3439739,1.0,2021-10
node_2677681,1.0,2021-11
node_3433637,1.0,2021-10
node_2775031,0.8488166153155331,2021-09
node_2612942,1.0,2021-07
node_2649562,0.0,2021-09
node_2956209,0.0,2021-08
node_3464174,1.0,2021-09
node_3518797,0.0,2021-03
node_164252,0.06427623172919299,2020-10
node_2750100,-0.13555418404459466,2021-11
node_3474612,1.0,2021-10
node_2591452,2.299114980835639,2021-10
node_2649564,0.0,2021-09
node_2617397,1.0,2021-07
node_3327982,1.0,2021-10
node_2754478,0.0,2021-07
node_2593913,-0.03824261410717318,2021-08
node_3035189,1.0,2021-07
node_2954861,0.9954388371807263,2021-07
node_3502328,1.0,2021-08
node_2850775,0.15169715761466207,2021-08
node_2956140,0.0,2021-10
node_3010182,0.0,2021-07
node_2862187,0.0,2021-08
node_2859062,1.5016229476352747,2021-10
node_3379474,1.0,2021-10
node_3467536,-0.2987761874575912,2021-10
node_2954878,0.7442084340863343,2021-07
node_3243254,0.9847322206230921,2021-08
node_3327841,0.7815486423065541,2021-09
node_3125831,-0.32231076820173377,2021-07
node_3121752,0.018307654352363735,2021-09
node_2698918,0.8140965802702828,2021-08
node_3480959,0.0,2021-09
node_3023141,1.0,2021-10
node_2745268,0.4094316700824958,2021-10
node_2998259,0.2167555658358134,2021-08
node_2870349,0.017365845904647143,2021-10
node_2952292,1.0,2021-08
node_2641195,0.7932253272589292,2021-09
node_3091761,-0.4957134772442748,2021-10
node_3123548,0.0,2021-07
node_2956015,0.19040855523239916,2021-10
node_2755427,0.0,2021-10
node_2483061,1.0,2021-07
node_2723973,-0.23221717517529236,2021-04
node_2960453,1.0,2021-07
node_218077,2.7245634874459097,2020-09
node_3006139,1.0,2021-10
node_3126651,0.0009537779448718859,2021-09
node_3124235,0.18715283148658368,2021-10
node_2733849,1.0000098756985387,2021-10
node_3124548,0.0597007990492982,2021-09
node_2766109,1.0,2021-09
node_2593914,0.04805891727905889,2021-09
node_2833235,-1.2236718266272735,2021-05
node_2611934,1.0,2021-08
node_2410312,0.44517401807650037,2021-04
node_2628001,1.0,2021-09
node_3272777,1.3134866040219362,2021-09
node_2902667,0.2836266055980209,2021-07
node_3324578,0.0,2021-09
node_2650271,1.0,2021-09
node_3441341,0.1722449059910178,2021-10
node_3316761,1.0,2021-09
node_2796347,0.997734429454529,2021-08
node_3124553,0.0,2021-08
node_2611632,0.3540327389303863,2021-07
node_2608361,1.0,2021-05
node_3105367,1.0,2021-08
node_2729282,-0.031877739126980595,2021-08
node_3227232,1.0,2021-07
node_3314647,0.580629461984478,2021-10
node_2624013,2.3057529865862265,2021-10
node_3127715,-0.014188010543047209,2021-08
node_3278374,1.0,2021-10
node_3366145,-1.634287956924775,2021-09
node_162073,0.9098877682144189,2021-09
node_2586099,0.19367976921913244,2021-09
node_3411530,-0.22784847678999337,2021-10
node_2654424,0.0,2021-09
node_3090857,0.0,2021-07
node_2749981,0.0,2021-07
node_3158522,1.1263785192962765,2021-08
node_2802077,-0.0011484268715651672,2021-09
node_3557752,0.23530427433767204,2021-09
node_3290898,0.9991757115165955,2021-09
node_2930895,1.0,2021-09
node_3127578,0.0,2021-08
node_2715083,1.0346467796613505,2021-07
node_3520650,1.0185408451192142,2021-01
node_3483152,0.6495497720230158,2021-07
node_2479102,1.1834252966335226,2021-05
node_2668791,1.162853308612135,2021-09
node_3121120,0.0,2021-08
node_3168000,0.060715239251526366,2021-09
node_3327500,1.0,2021-10
node_2755426,0.0,2021-09
node_3327948,1.0,2021-10
node_3031314,0.0,2021-10
node_3028571,0.4718310710705646,2021-09
node_2575766,0.0,2021-07
node_2731724,0.0,2021-10
node_3210355,1.0,2021-07
node_2483074,1.0,2021-08
node_2880901,0.6184750278436922,2021-08
node_3111729,0.4014607221497086,2021-03
node_2652080,1.0,2021-08
node_3103733,0.30493431231921614,2021-05
node_3290904,1.3782129974561572,2021-09
node_3518971,1.0,2021-08
node_3015089,0.042044108579356476,2021-09
node_2578232,0.9091059669129816,2021-08
node_2548671,1.0243902746522433,2021-07
node_2947269,0.0,2021-09
node_3428574,0.7748338474425387,2021-08
node_2696898,1.0456227709076864,2021-09
node_2681569,1.571586366406515,2021-08
node_3272686,1.4024506853607492,2021-06
node_3519548,0.5329263066111434,2021-08
node_2784538,-0.0019578277241667336,2021-08
node_2724017,0.23144341017753395,2021-08
node_2750812,0.9322906235678511,2021-07
node_3281800,1.0,2021-09
node_3125288,0.0,2021-08
node_2833060,1.0,2021-07
node_3273705,0.6091345382383536,2021-07
node_3519520,0.5187221807853987,2021-09
node_3468403,0.851557897104353,2021-09
node_3428458,1.0,2021-08
node_3518926,1.0,2021-08
node_2493836,1.0,2021-07
node_2930892,1.0,2021-08
node_2723896,0.3311633841210312,2021-09
node_2505188,1.0,2021-07
node_3327599,1.0,2021-09
node_2992841,1.00510906170331,2021-06
node_2728226,1.204187351466975,2021-04
node_3124349,0.1285659431237713,2021-08
node_164508,-0.7661816656258184,2020-11
node_3269713,-0.4840469228864889,2021-08
node_2591872,1.2499665953845749,2021-09
node_3228198,-2.020697806315331e-05,2021-09
node_2544115,1.0322441184462763,2021-08
node_3139934,0.0,2021-07
node_3174822,1.0997359967823674,2021-09
node_3518833,1.0,2021-06
node_3510710,0.11325963446118766,2021-08
node_3521511,-0.18171466960920354,2021-05
node_3111761,0.6130127023567316,2021-05
node_2750799,0.22457442697875152,2021-06
node_3272688,-0.5872057224382096,2021-09
node_2724313,-0.008618940146312976,2021-09
node_3193522,-0.2761714330146298,2021-09
node_2753299,-0.3463348777475138,2021-09
node_213984,0.8000399107987233,2021-09
node_2596717,1.0,2021-08
node_3054929,0.006984922605062007,2021-09
node_3518689,0.16829590741980638,2021-07
node_2574800,1.8133951508683144,2021-09
node_2721045,-0.0008262297750631819,2021-09
node_2715035,0.09134334809773538,2021-07
node_61165,7.826382369866649,2021-07
node_3230569,0.5253118389839657,2021-08
node_3170700,0.7029987374258133,2021-09
node_3521866,0.04030615428592547,2021-07
node_3085877,0.7807293634077447,2021-08
node_2725441,1.3204719314644786,2021-08
node_3178857,1.0,2021-09
node_3124708,-0.0010989541950949834,2021-09
node_2617766,0.1918565152185613,2021-08
node_2808621,0.0011611176239576934,2021-09
node_3301121,1.0,2021-09
node_2978132,1.0,2021-09
node_2671813,0.9986496834071809,2021-09
node_3327686,-0.02210140553247555,2021-09
node_2597402,1.0,2021-08
node_3014546,0.3612280546950597,2021-09
node_3076330,1.0,2021-05
node_2576003,-0.9768542502806886,2020-11
node_3124261,0.11866505979246317,2021-08
node_3290848,0.8518486521045109,2021-08
node_216904,1.040673071643608,2021-09
node_2548580,-0.1780225932146186,2021-08
node_3444753,-1.5372122256298482,2021-09
node_2575450,1.2534993809350905,2021-06
node_3309641,1.0,2021-08
node_2844834,0.20392479328557914,2021-09
node_3124425,-0.07918722677625771,2021-08
node_3108561,0.0,2021-05
node_3124303,-0.5803957873341763,2021-07
node_2715358,1.0,2021-08
node_2931335,0.8878330208353961,2021-06
node_3519455,0.2727485344059652,2021-03
node_2940798,1.7467545270646498,2021-08
node_2484873,0.3011459078209816,2021-07
node_3107150,0.0,2021-07
node_3518843,0.844810037839362,2021-06
node_3276458,-0.00019007263527649678,2021-08
node_2736963,-0.13055629369041735,2021-05
node_3018872,1.0,2021-09
node_3118576,1.0230816339412971,2021-09
node_2690132,0.16533009620577355,2021-09
node_2683068,0.0,2021-09
node_2615743,0.0,2021-09
node_3227002,0.5148295774596835,2021-08
node_2709714,0.014598417855977652,2021-08
node_3018222,-0.0047618579607578825,2021-09
node_3128076,0.000840926917034311,2021-09
node_2754589,1.0,2021-06
node_2778311,0.9538261406495019,2021-08
node_2559957,0.0,2021-08
node_3518953,1.0,2021-07
node_2642896,-0.41722628749534885,2021-06
node_2576047,-0.0025858367427952604,2021-05
node_2923732,0.19443636798107788,2021-09
node_2483290,1.0,2021-07
node_2615176,0.9817525056553758,2021-07
node_3280369,-5.324021553373745,2021-08
node_3235773,1.1769643580503095,2021-09
node_3501931,1.0,2021-04
node_2932446,0.0,2021-05
node_3518824,1.0,2021-08
node_2575507,0.21484248804013759,2021-04
node_3228051,0.2368397155117053,2021-06
node_211209,0.8217179293508797,2021-02
node_3156233,1.0,2021-08
node_3272700,-0.17299119032647037,2021-07
node_3502157,1.0221026342068675,2021-05
node_3054259,0.0,2021-09
node_2576430,2.4524261436260857,2021-06
node_3272743,0.11828820102506898,2021-08
node_2954731,1.0,2021-09
node_2726221,0.9741736207588385,2021-09
node_2582232,1.0,2021-09
node_2584551,-0.006832528340555218,2021-08
node_2668759,1.3829969420121628,2021-06
node_2680494,-0.7363204794640819,2021-08
node_3028437,1.0,2021-08
node_3272622,2.3771768043154653,2021-08
node_3094854,0.0,2021-07
node_3272365,0.651435298835164,2021-09
node_2771252,-1.361914812734376,2021-08
node_3123956,0.5317161510652918,2021-07
node_2543784,1.0,2021-07
node_3120682,1.0,2021-07
node_2725439,0.5168930502899165,2021-06
node_2678882,0.0004272702165179885,2021-07
node_2756784,-6.033872112527289,2021-07
node_3056334,-5.394483631471178,2021-08
node_3272732,1.1278193170671775,2021-06
node_2549787,-0.5927509817829647,2021-09
node_2589651,1.0,2021-09
node_2474771,-0.973509253063311,2021-08
node_2995127,0.0,2021-08
node_2727561,0.06056323459026683,2021-06
node_2648476,0.711211182596472,2021-05
node_2575494,0.05145692017282662,2021-01
node_2589268,1.0,2021-07
node_2589665,1.0,2021-08
node_3235360,1.3194846375478486,2021-07
node_2587512,0.0,2021-05
node_3269970,1.4578416345707088,2021-07
node_3086303,1.0264969407456812,2021-08
node_2754536,1.2378608585044732,2021-08
node_3206612,1.2111582171986908,2021-07
node_2849066,1.0,2021-05
node_3518995,0.9862844661038239,2021-05
node_2471310,0.0,2021-07
node_2576046,0.1763147556500078,2021-04
node_2576632,1.019304239307017,2021-05
node_3509808,1.0,2021-06
node_2592848,1.0,2021-08
node_2520715,0.7108113989266617,2021-08
node_2642006,0.0,2021-07
node_3069589,0.4433353790139581,2021-08
node_3245691,2.1873113916401494,2021-08
node_2474530,-0.0018907626285360494,2021-02
node_2716826,1.3810610963229824,2021-05
node_3522552,1.5941272929845691,2021-06
node_2599485,-0.010013743340508634,2021-09
node_303264,-0.1939418878460789,2021-06
node_2534123,0.0,2021-08
node_3196534,1.0971014668706316,2021-09
node_2548800,0.06273471095955419,2021-08
node_3273021,1.1909672990191578,2021-07
node_2915315,0.0,2021-08
node_3020370,0.0,2021-08
node_2638708,0.0,2021-07
node_3341496,2.0558907596951554,2021-07
node_2549753,0.001735962593027664,2021-07
node_2575875,-2.3193617321922773,2021-04
node_2557343,0.05820202825788808,2021-08
node_2634712,0.9357471017959446,2021-08
node_2861318,-0.42568643418789,2021-07
node_3521529,1.921932698626798,2021-06
node_3271738,0.9511459582061941,2021-05
node_213067,0.6356383167945097,2020-08
node_3269588,1.0,2021-08
node_2518131,0.6774643527891195,2021-07
node_3302899,0.03533902777806785,2021-07
node_2897040,0.025647592748049442,2021-08
node_2954805,1.0323178856693274,2021-07
node_2479513,-0.2582503724686236,2021-08
node_2744765,0.0,2021-07
node_3271739,-1.8894174681873839,2021-06
node_2576043,0.09179399766018226,2021-03
node_3206611,1.201952104767479,2021-07
node_3271740,-0.622631196336545,2021-06
node_2475136,0.0,2021-07
node_3054427,0.3629374317361171,2021-07
node_3514803,1.0,2021-07
node_2541789,0.0,2021-07
node_2718634,1.0,2021-07
node_3050252,-3.6253011142029345,2021-07
node_3111703,-0.1492408642138746,2021-07
node_2575248,0.8526681990021019,2021-05
node_2725560,0.0,2021-05
node_3417249,0.9966434259729726,2021-07
node_3633381,2.262332789584863,2021-03
node_2555827,2.3814743350946954,2021-08
node_2878844,0.9253230411640937,2021-08
node_2486089,1.0,2021-07
node_3119647,0.758064186753737,2021-08
node_2668762,1.0,2021-06
node_3123476,-0.14861822505937133,2021-06
node_524829,0.64443354727811,2021-06
node_2559307,-0.0007573201513712757,2021-08
node_3496120,0.0,2021-08
node_2801931,-0.24980259478419947,2021-07
node_2547066,0.005694712487019214,2021-07
node_3182032,0.6885457196920111,2021-08
node_3519148,0.0848663107541445,2021-05
node_2617765,-0.06825166513129534,2021-08
node_2500547,1.0,2021-05
node_2454543,1.4154415581412303,2021-05
node_3050624,0.7932306690687377,2021-06
node_3498895,0.0,2021-07
node_2775043,0.7231651344235892,2021-07
node_3498871,0.24387951751467404,2021-07
node_2726126,1.0,2021-07
node_3519492,1.4435495511314762,2021-05
node_3519146,0.7439345676049941,2021-06
node_2486102,0.5308583616629751,2021-08
node_2954773,1.0237044424580524,2021-07
node_2881154,-0.00025593283352297205,2021-08
node_3336614,0.8113691801412769,2021-08
node_2560769,0.0,2021-06
node_2694655,1.0,2021-07
node_2836134,0.9942450083313497,2021-08
node_2423065,1.209970556344864,2021-08
node_2990131,0.3193025291548557,2021-08
node_3125856,-0.09061101562524543,2021-06
node_2486093,0.0,2021-08
node_240960,0.9871589501080679,2021-03
node_2575965,0.20242083033899405,2021-03
node_3521970,1.1047194213276297,2021-07
node_178960,0.6792491517312528,2020-06
node_2442951,1.0112973274610337,2021-07
node_3057204,-0.04242036382960834,2021-06
node_2751518,0.08629686483100275,2021-07
node_2527648,1.0,2021-07
node_3057111,0.6180906108756733,2021-06
node_2532551,-0.19106068232901677,2021-04
node_2714656,-0.2668554047974486,2021-06
node_2777363,1.1891194287235767,2021-07
node_2669800,1.0,2021-07
node_2583110,0.5932202265034074,2021-06
node_2474724,0.8058988163648804,2021-06
node_2643664,0.0,2021-06
node_12372,1.9024596865598522,2020-09
node_3056611,0.7824842176248877,2021-04
node_2539927,1.0467101383990132,2021-07
node_3519199,1.1581986087036427,2021-07
node_2575889,0.14462631439475515,2020-10
node_2544276,1.7180912358733018,2021-06
node_3040766,0.9043601163465131,2021-06
node_2537604,1.0,2021-06
node_2576473,0.1453431116329531,2021-07
node_3085817,0.19060304505225542,2021-07
node_2544696,5.019854999976343,2021-07
node_2554832,0.08562794856444149,2021-06
node_3519074,1.3904457439883193,2021-07
node_3519213,1.1355065094041241,2021-07
node_2777359,1.038363903544463,2021-07
node_2575239,-0.3422000599456155,2021-07
node_2461215,-0.016504240015598276,2021-02
node_3518804,0.9781593591230703,2021-04
node_2421555,0.0,2021-06
node_2777365,-0.4346975703293648,2021-07
node_2460260,0.6413061527956456,2020-11
node_460779,0.0,2021-06
node_2930944,1.3140046756541917,2021-06
node_2723463,-0.03843222068612423,2021-07
node_2575184,1.7325734223657332,2021-07
node_2716717,0.0,2021-06
node_3272796,0.30669687783004806,2021-03
node_3271894,0.0,2021-04
node_2724302,-0.2866252634765345,2021-06
node_2500022,0.09206576635086067,2021-05
node_3195463,0.7805752835402409,2021-06
node_3210374,1.0,2021-07
node_3233737,1.0,2021-07
node_218213,0.9196327998039207,2021-05
node_3272798,0.8697473454316843,2021-03
node_164229,0.9604393556789098,2021-04
node_2714502,-0.15843329163579045,2021-07
node_3004028,0.0,2021-06
node_3125516,0.0,2021-06
node_2575409,-0.5692690772096001,2021-04
node_2930680,0.6763584426452806,2021-05
node_2471081,-0.30939615313544894,2021-06
node_2576586,0.21932928128399498,2021-05
node_3277620,0.6477751679730696,2021-06
node_2462040,1.1724778037716033,2021-06
node_238647,0.6003474034895862,2021-06
node_2603186,0.0,2021-06
node_190488,0.32978020727290086,2021-06
node_3522350,-0.07881725496792984,2021-06
node_2470845,0.14088303478154438,2021-03
node_3521875,0.021558739210227988,2021-03
node_3511891,1.0,2021-04
node_2577082,0.32680209514848957,2021-03
node_3085735,0.9997032543102155,2021-04
node_3271733,0.7709527649170054,2021-04
node_2556510,1.0,2021-06
node_3293250,1.0017396803399623,2021-07
node_2565787,0.5793053877470884,2021-06
node_2522018,-0.16443662059374375,2021-06
node_3111708,0.6210338398811301,2021-05
node_3085828,-0.08242364273183221,2021-06
node_314915,-0.3900381479009554,2021-01
node_92118,2.0024374701820067,2021-04
node_3381114,0.6462608372348931,2021-06
node_3297897,1.1463123383627123,2021-07
node_2775055,0.9830367136365753,2021-07
node_413056,0.8767415986363466,2021-03
node_3518391,0.0,2021-04
node_383490,0.002282375904122144,2021-02
node_2576470,1.0027574537252175,2021-06
node_3519250,0.9420467200645609,2021-06
node_3521254,1.1424642858680998,2021-06
node_2459095,0.9990450686432445,2020-11
node_2522016,-0.18370971831173016,2021-05
node_2576728,0.10476409256025204,2021-06
node_247870,-0.27666173791721527,2021-04
node_3521027,0.5535129806452547,2020-10
node_220423,0.9997982308591759,2021-05
node_2575993,1.7763814443434245,2021-03
node_171803,1.710145547280188,2020-05
node_476215,1.236935390826175,2021-01
node_2446052,0.0,2021-01
node_2456970,0.32266243430758085,2021-05
node_2716834,0.6823669003578492,2021-06
node_2933640,0.17009216660391802,2021-06
node_2569523,1.0,2021-06
node_173511,0.24072759187913825,2021-06
node_162537,-0.01566455474501515,2021-06
node_2954761,1.010582642860016,2021-06
node_3519062,1.6124127597092681,2021-06
node_3519245,0.6683997562188364,2021-06
node_163058,1.0270074076036029,2021-03
node_3521288,0.7606036566476496,2021-05
node_173543,0.1758407701125211,2021-06
node_12365,1.5153056099038293,2020-07
node_2459897,0.04617288494745626,2021-01
node_431339,1.0,2021-04
node_2474364,-8.595624980807008,2021-04
node_2453070,1.0,2021-04
node_172412,0.2709824090975388,2021-06
node_3272789,0.9312009940215051,2021-06
node_12366,1.0967859599446443,2021-04
node_3272698,1.3516458490033845,2021-07
node_314912,0.6309036906476272,2021-01
node_2576614,0.9548321267111385,2021-04
node_2459104,1.0,2021-05
node_2461234,0.8937157803542173,2021-04
node_2461235,1.360892455738657,2021-04
node_2515590,1.0574231918005637,2021-05
node_160831,0.7515434838380993,2021-03
node_2461236,0.8966804478504589,2021-05
node_447185,0.7787418702139428,2021-04
node_160400,1.0,2021-05
node_2528702,1.4067052095778185,2021-05
node_2459765,0.4795826210598216,2021-01
node_263666,-1.1557926691515517,2021-04
node_3519414,1.2881591690121923,2021-05
node_2441698,1.1038805418886666,2021-06
node_427249,1.2833135889876837,2021-06
node_388664,6.020968238516805,2021-03
node_172408,1.5559485388135545,2021-04
node_3520545,1.1143127267353772,2021-01
node_247872,0.005445917079200982,2021-05
node_2548709,1.0,2021-04
node_2575391,0.24551133568740535,2020-10
node_448706,0.24935417649850689,2021-02
node_2569689,0.5462166239218041,2021-06
node_2576935,0.0,2021-02
node_2454067,0.00362795339996684,2021-06
node_2576577,-0.06960027132503786,2021-05
node_463270,0.9300757897111571,2021-06
node_2422355,1.0,2021-03
node_273984,0.7507020285512916,2020-12
node_92115,0.5124041943261332,2021-02
node_3111717,-0.8665845190476515,2021-04
node_240331,0.7814326773068546,2021-01
node_3519600,0.523936495201615,2021-04
node_2548937,0.793593070256068,2021-05
node_314903,1.4585549695649322,2020-12
node_314905,1.284695501753712,2020-12
node_314909,1.1636082913044554,2020-12
node_12245,0.40218805656918905,2020-09
node_2574171,1.0,2021-04
node_519390,0.024883249516566803,2021-06
node_3521317,-1.3419188847355108,2021-04
node_2442171,-1.2673821577857614,2021-06
node_3093464,-0.049651063264322774,2021-05
node_162450,-1.005580699388696,2021-05
node_408095,0.0,2021-04
node_159472,0.0,2021-03
node_159477,1.0,2021-04
node_442065,0.09268336865765928,2021-03
node_415839,0.4023279466781261,2021-03
node_2578450,1.0,2021-05
node_3520712,-0.02216632086289964,2021-04
node_2554030,0.5316090802474248,2021-06
node_2552595,-0.19679560803746168,2021-06
node_2931351,-0.13752473436322338,2021-05
node_3273721,1.0,2021-05
node_163870,1.009620752158609,2021-04
node_298922,-0.8549938419140684,2021-06
node_3563881,1.0343316781820724,2021-01
node_442010,0.9726880120820148,2021-01
node_2421608,0.34998312982866225,2021-04
node_217494,1.1951058478424363,2021-04
node_171429,5.8286676577453225,2021-01
node_266174,0.22796854207337455,2021-05
node_211254,-4.2005531310895226,2021-02
node_2554659,-0.44332907765066776,2021-03
node_448705,0.0,2021-02
node_197316,0.6761809969422053,2021-03
node_498203,0.0,2021-05
node_3573853,-0.03692698582046182,2021-04
node_385634,-0.08119346053731383,2021-05
node_504341,0.9997941190834301,2021-04
node_520861,1.6859291832632446,2020-12
node_242229,1.0,2021-03
node_248407,-0.1129561689266647,2020-09
node_171399,1.8770761215797762,2020-12
node_394614,0.21336346040504603,2021-05
node_3093463,0.0,2021-05
node_2471269,0.7065649681934341,2021-04
node_259465,0.27890890363771453,2021-05
node_247059,1.1107910482055614,2021-05
node_423365,1.0,2021-02
node_171422,0.13007897584871025,2021-03
node_2575081,0.6595501798590861,2021-02
node_295194,1.6618372112309596,2021-03
node_2446206,0.0,2021-03
node_3569777,1.3699677966757844,2021-05
node_338884,1.471581781374927,2021-05
node_2554662,0.7311485626987365,2021-04
node_272545,-0.001026170148003063,2021-05
node_3522057,2.797329290756892,2021-03
node_405714,0.011008680703752086,2021-05
node_345466,-0.027161191967490537,2021-01
node_3521636,1.0833804646531733,2021-01
node_443563,0.18926949403251636,2021-04
node_2471267,0.11970698318455461,2021-03
node_75727,0.43474092417324184,2021-01
node_483853,-0.0293685826567592,2021-05
node_2573997,0.6129658593183515,2021-04
node_370611,1.0,2021-02
node_511838,1.008860693118224,2021-01
node_3521889,0.2952853470795132,2021-01
node_473445,-0.06839661644604995,2021-03
node_2462785,0.20152452723865966,2020-12
node_3573973,0.907024509014477,2021-05
node_433881,-0.10894992254956791,2021-04
node_516847,-2.9615398203158856,2021-04
node_249062,0.9549829149670317,2021-04
node_359293,1.0,2021-03
node_503419,1.0948052314045884,2021-05
node_471689,0.5884157755028967,2021-05
node_388652,0.5762717696100849,2021-04
node_499692,0.6341481301985765,2021-04
node_443386,-0.13612580089771828,2021-02
node_3568381,0.0,2021-01
node_433603,1.0,2021-03
node_101919,0.441676262518863,2020-10
node_413481,0.6562266993665948,2021-05
node_2515466,2.7911644332719097,2021-04
node_508239,0.0024859822309543107,2021-04
node_3568553,0.0,2021-03
node_214308,1.0,2021-01
node_383588,-0.07421699667320855,2021-02
node_164240,0.6460665072636536,2021-02
node_3521067,0.47956467545576925,2021-04
node_20890,1.0,2021-04
node_433604,0.0006046042206456995,2021-03
node_376556,0.005621247875980171,2021-05
node_452223,0.6070802477630813,2021-05
node_267913,1.0,2021-05
node_313668,-0.3322290108252268,2021-05
node_3271970,1.4586937101626887,2021-05
node_2435867,-0.0011947331575185164,2021-04
node_3563731,-7.732164275183609,2021-03
node_431543,1.0,2021-04
node_401610,0.3225092747281836,2021-05
node_2474340,-0.03838336979707811,2020-12
node_2444396,0.7672732755562176,2021-04
node_3522356,0.17321926382092565,2020-09
node_2459666,1.0,2021-01
node_2452666,1.85057685274584,2020-09
node_364682,1.0,2021-03
node_212055,0.8144719341321269,2021-03
node_2427691,1.0,2021-04
node_448728,1.0,2021-05
node_454062,1.0,2021-04
node_455403,-0.2910465112185536,2021-05
node_2452674,-1.0894427637134037,2020-12
node_469139,0.9271532082020443,2021-03
node_247049,0.15585303694227085,2020-12
node_2443898,1.8410984460837696,2021-03
node_2569623,-0.20452075017073676,2021-03
node_164549,1.0302889806580724,2021-02
node_423246,1.7246682267074331,2021-02
node_3568309,-0.4562263165040094,2021-03
node_14949,0.16905831101704238,2021-01
node_301882,0.8661700860928895,2021-04
node_300047,0.41787456169830856,2021-05
node_3521848,0.8937427686092216,2021-03
node_2443900,0.041487401686280304,2021-03
node_2427454,-0.31694045578914953,2021-03
node_360233,0.9996907344808467,2021-03
node_164239,1.2459522710150268,2021-01
node_2460948,0.0,2020-12
node_2421491,7.107279628964651,2021-03
node_2474683,1.9508000503720162,2021-02
node_2566242,-0.22020474596640485,2021-04
node_2446266,0.6985736622920522,2021-04
node_2462781,0.24806185770557523,2020-08
node_2461843,0.614940298379363,2021-01
node_486130,-0.04526230176001094,2021-02
node_413203,0.6562266993665948,2021-04
node_3569621,-2.428026514933204e-05,2021-03
node_2444387,0.9614688646858777,2021-02
node_364705,0.0019196785349691642,2021-03
node_2474684,0.8782212920956597,2021-03
node_293595,0.02731844601005698,2021-05
node_515639,-0.20622750278925314,2021-04
node_468564,0.935251543691547,2021-05
node_325710,1.0,2021-04
node_247855,1.2168661419269482,2020-10
node_2421503,2.315168141884558,2020-11
node_3521964,0.4730280206356237,2020-09
node_2576156,0.6933931309490753,2020-10
node_500954,0.9286275219530441,2021-03
node_359388,1.0416442528921621,2021-04
node_325235,0.6346554860648037,2021-03
node_3633879,0.2510515020261668,2020-03
node_495118,-0.1754263690784431,2021-04
node_2437643,0.5609997224494274,2021-03
node_241959,0.972206659349691,2021-01
node_504630,1.255644785937498,2021-01
node_3539109,0.7164740219304848,2021-02
node_19102,1.0690845952061105,2021-04
node_289220,0.8820736874065144,2021-04
node_405064,1.001334462764514,2021-04
node_2443673,1.056138487458527,2021-02
node_248840,2.587355490054694,2021-02
node_345478,0.023353962408515904,2021-04
node_452026,0.9362953974641387,2021-04
node_27413,0.6113353691193769,2021-01
node_2426936,1.040426877780409,2021-03
node_501589,-0.0008099134831740076,2021-02
node_364919,-0.6817620799970664,2021-04
node_2445855,0.4026218130319743,2021-03
node_503966,0.6628792525159335,2021-04
node_214749,1.0,2021-04
node_171401,0.6364538102688196,2021-01
node_360252,0.8817297280135916,2021-01
node_8521,-0.6461315895291266,2020-04
node_472805,-0.0475977750444713,2021-04
node_248351,0.8171150985448971,2020-07
node_3569998,0.6640446841835344,2021-02
node_86778,0.29821758434225,2020-10
node_520876,0.27616351224490604,2021-04
node_323976,0.9134839753981859,2021-04
node_3567657,-2.4274474529280865e-05,2021-04
node_449537,-1.727408471917038,2021-04
node_504131,2.4427252538731405,2021-05
node_419303,0.775788749692067,2021-04
node_274992,0.0,2021-04
node_288660,-0.12695106440336026,2021-04
node_477859,0.9794206773360971,2021-04
node_504281,0.0,2021-03
node_2462070,0.7520816578720891,2020-11
node_2421490,1.1046978272806662,2021-02
node_333677,5.660788549222924,2021-03
node_350812,0.8580611109510853,2021-02
node_443438,1.0296638971549552,2021-04
node_3539110,0.6058164438198004,2021-03
node_379323,-0.09330615127356622,2021-04
node_512287,-0.15804027152637337,2021-04
node_488890,1.0,2020-12
node_3569685,1.3119484805286787,2021-02
node_320217,0.8846432188792792,2021-03
node_504805,0.9723380663828823,2021-04
node_345467,-0.1343036487958835,2021-03
node_314253,-0.3057430337837661,2021-04
node_240286,-0.010439668568702595,2021-02
node_365311,-0.004412291563949078,2021-03
node_392158,1.0355961552753925,2021-04
node_2426970,2.014034033706435,2021-03
node_414089,0.6576098100559251,2021-04
node_3570150,0.8242850253817732,2021-03
node_496978,0.729881102674968,2021-04
node_211539,-0.04198313039857413,2021-04
node_443390,-0.24199401376297658,2021-04
node_174647,0.4842705772405251,2020-11
node_73601,-0.06902159980866936,2020-12
node_3569686,0.9817987323327193,2021-02
node_240455,6.61873296037314,2021-02
node_3557751,0.22876975779413497,2020-09
node_352268,0.059426246445095324,2021-03
node_501272,0.9269407870156988,2021-02
node_2452704,1.9434177101099057,2021-01
node_523729,-1.8806152326514867,2021-03
node_264324,0.9420756750877702,2021-03
node_411431,0.9986226975199097,2021-04
node_27029,0.6526218920538573,2021-02
node_420436,1.0,2021-01
node_2426935,2.105540320895663,2021-03
node_217291,0.003264764961543389,2021-03
node_249009,0.7599185596612891,2021-01
node_355889,1.0010786557131266,2021-03
node_314550,-0.8356036284348033,2021-04
node_504205,1.0779734161289865,2021-03
node_272415,0.9991167264995348,2021-03
node_331952,0.9594008297214615,2021-04
node_475714,1.001440034228701,2021-02
node_416788,0.717356460384655,2021-01
node_380944,0.9077830930213362,2021-02
node_217533,1.0,2021-02
node_2422604,2.2726333537906442,2021-03
node_446041,1.425075134576588,2021-03
node_500725,0.0,2021-03
node_216591,0.9144008137773619,2021-03
node_2469750,1.4488637162965838,2021-01
node_247905,-0.16248753711978647,2021-01
node_25798,0.9376344495235103,2021-02
node_383582,0.00981874705202761,2021-02
node_3569692,-0.3018555677428282,2021-03
node_3564536,0.0,2021-01
node_240284,1.4524023349886124,2020-12
node_364940,0.004373430082231551,2021-03
node_2474685,1.052470288602854,2021-03
node_3536423,0.24389301549894946,2021-03
node_2461987,-0.7918975808326872,2021-01
node_240469,0.2542730619399421,2021-02
node_439574,1.1634673509993887,2021-03
node_249226,0.7546028385857106,2020-12
node_338667,-0.6195294696424467,2021-01
node_240468,0.48625884872790304,2021-01
node_425990,0.9540024393351867,2021-03
node_416784,0.36532080790587507,2021-01
node_352273,-0.2208478375236122,2021-02
node_414576,0.8718461552935319,2021-04
node_330121,0.8640607813358565,2021-03
node_520807,0.9152612959354336,2021-04
node_179053,1.0,2021-02
node_242813,0.627823752935779,2021-02
node_424133,0.004009151043280573,2021-03
node_413461,0.4256365419766713,2021-02
node_410020,4.545185952440875,2021-01
node_5272,0.008971674473776468,2020-10
node_392275,-0.28713535438871984,2021-03
node_494839,-0.042028805596001514,2021-03
node_73168,2.1835963202676334,2021-03
node_333685,0.004891360306349682,2021-02
node_3625462,1.0,2020-10
node_75476,0.3536574842419171,2020-12
node_523681,0.46698252469403995,2021-02
node_285616,0.9762207787843712,2021-03
node_481843,1.0094865561548292,2021-03
node_464265,-0.2982904151948064,2021-03
node_190762,0.7596334661053266,2021-03
node_507936,4.88861269516759,2021-03
node_522214,0.0,2021-02
node_301967,1.0,2021-03
node_380947,0.7251999572048085,2021-03
node_504008,0.008293582251646264,2021-02
node_174643,0.08863059789278485,2020-10
node_27028,0.6590068346069134,2021-01
node_240445,0.002504089948290136,2020-11
node_326088,1.0,2020-12
node_73579,0.220563601623766,2020-10
node_280461,1.014851718625609,2021-03
node_350621,0.9270411159229398,2021-03
node_247040,0.3139489644340911,2021-03
node_235427,1.3873249053175802,2020-12
node_504174,0.0,2021-02
node_469518,0.18877548228858768,2021-03
node_75910,1.5330815549284433,2021-02
node_3541143,1.0,2021-04
node_247026,-0.30335829035780376,2021-01
node_44273,1.7331548565518677,2021-02
node_393056,0.9134839753981859,2021-04
node_504144,0.0,2021-02
node_357258,0.749467313270056,2021-02
node_16545,1.2172900087278644,2021-01
node_471991,0.9500165522790553,2021-03
node_355886,-0.5502764587455835,2021-03
node_462090,0.16452376277475309,2021-03
node_310312,0.0,2021-03
node_3573334,0.5713337884109155,2021-02
node_240214,0.36500515257507293,2020-08
node_248345,-0.04947006002906295,2020-05
node_513439,0.037897390303849456,2021-02
node_484803,-0.007779642921324656,2021-03
node_390676,0.5274325911855046,2021-02
node_472219,1.0,2021-03
node_408463,-0.4837629360330558,2021-02
node_451892,0.9957314776718093,2021-02
node_12112,0.19754884615366267,2020-05
node_177923,1.1854323952431394,2021-01
node_392274,0.7891588485228834,2021-01
node_413463,-0.18089153052362558,2021-02
node_73289,0.0,2021-01
node_181803,0.9197011356755868,2020-11
node_2469759,0.4836800307202485,2021-02
node_3572535,-2.757993610564493,2021-03
node_425400,1.0011812634237782,2021-03
node_504243,0.35531701356922,2021-03
node_343765,0.8135472987845653,2021-03
node_382379,0.6338953671521377,2021-02
node_248289,-1.8739142655013175,2021-02
node_510631,0.9870266221086325,2021-02
node_2421510,0.16742947762214952,2021-02
node_248282,7.529830751659103,2021-01
node_248812,0.2740273660827394,2020-09
node_504086,0.001902255933898935,2021-02
node_498053,0.005717674447021329,2021-03
node_2469760,1.0509232982899912,2021-02
node_2461886,-1.2787730524973702,2020-11
node_523986,0.7558290320746445,2020-12
node_3562924,0.1448227383706323,2021-01
node_317128,0.5933565709682683,2021-02
node_240257,0.192033841960253,2021-02
node_390929,0.005990792390609142,2021-03
node_3542804,0.0,2020-12
node_3542246,0.8552505919514293,2020-12
node_263020,0.6151405013399092,2021-01
node_3567444,1.0375240583053085,2021-03
node_195649,0.5393226001992445,2021-02
node_2469748,0.7250949090212814,2020-12
node_248285,0.7370276264100399,2021-01
node_268456,-3.9035459952988876,2021-02
node_240307,0.6610938781315217,2020-11
node_349943,0.9270420075720631,2021-01
node_248862,0.8907671212945732,2020-11
node_248286,0.10977407263076128,2021-01
node_3562921,1.1574112622946642,2021-01
node_370355,0.7054577374308956,2021-02
node_125514,0.14228664860903434,2020-12
node_104899,1.0003353996127842,2020-09
node_2452669,-0.40423359771074213,2020-09
node_524493,0.2428957565187643,2021-02
node_268457,0.0,2021-02
node_3602322,1.8121920943871195,2021-02
node_30489,1.049726367760038,2021-01
node_304243,1.5776789280615393,2021-03
node_315306,-0.41160317269695773,2021-02
node_248954,1.1212897316058925,2020-10
node_37608,0.0,2021-02
node_360952,0.666975994989983,2021-02
node_123562,0.9308039698031333,2021-02
node_248864,0.6352330143510508,2020-12
node_385691,-0.08844078758298347,2021-01
node_128342,1.0055931630334993,2020-12
node_103983,0.9733120382728364,2021-01
node_239838,0.281920388034641,2021-01
node_489867,-0.024189010125120484,2021-02
node_3567443,0.8451409940657136,2021-01
node_47346,-0.018255525013515718,2020-10
node_3502,-0.040910188981190664,2021-01
node_30485,0.6791243162353467,2020-11
node_80389,0.8934800215643564,2020-12
node_249077,-0.9832782292958366,2020-12
node_2442522,-0.012540846933110762,2020-10
node_239818,1.2931337628060198,2020-12
node_491103,0.9269521115213278,2021-02
node_3531375,1.0080498915492169,2021-03
node_368560,0.9272526735814195,2021-02
node_171633,0.8033844469034446,2020-11
node_235424,0.5478512030120263,2020-10
node_3536820,1.445816146027221,2021-02
node_171686,0.39847974134098807,2020-12
node_235336,-0.5021619134610152,2020-12
node_417280,-0.04049807246363011,2021-03
node_81819,0.0,2021-02
node_524660,0.7721069991183339,2020-12
node_249081,0.0902894677292943,2021-01
node_3499,1.14206299832888,2020-11
node_485689,-1.9411303864971428,2021-03
node_239836,0.48213215886485117,2020-12
node_3550793,1.0759867420455245,2021-02
node_377507,-0.005685611858678899,2021-02
node_126017,0.9535300751360345,2021-02
node_353265,0.9097829984569573,2021-02
node_3636265,0.0006526063291216314,2020-12
node_73612,1.334831965357572,2020-11
node_347830,0.8210200339807985,2021-01
node_288046,0.9678418728318126,2021-01
node_3605290,0.10587592227047374,2021-02
node_248913,0.45706400969474187,2020-12
node_238523,0.0,2021-02
node_240437,0.4832448307901936,2020-12
node_280499,0.8632334256436038,2021-02
node_177689,-0.8766771926013556,2021-02
node_190558,0.5026111671944128,2020-09
node_334100,0.9938501386161785,2020-12
node_5254,1.5293262855357468,2020-03
node_240395,1.0438832737988222,2021-02
node_352769,0.9211135461521981,2021-02
node_3574044,-1.206989005815942,2021-02
node_3621310,0.18158155341365886,2021-01
node_3530779,0.0,2020-12
node_3495,0.01793867435304041,2020-10
node_397666,0.9823507592965953,2020-12
node_236857,0.19722347740837332,2021-01
node_3536043,1.0,2021-01
node_316959,-0.0003760078296342302,2020-12
node_3589872,1.050382071939139,2021-01
node_248202,0.6359300727347341,2020-10
node_311939,0.7596797394461234,2021-02
node_362553,0.8166978005506196,2021-01
node_103590,0.0,2021-01
node_3603361,-0.7066533934483052,2020-12
node_3595891,-1.000933239802811,2021-01
node_171494,0.6137671944427847,2020-10
node_248410,0.4113830472075831,2020-11
node_16546,0.34875939541797457,2021-01
node_239816,0.22463208216403824,2020-10
node_3539359,0.6800896429540569,2021-01
node_3535238,0.5126252966828014,2020-11
node_108342,-0.07022343978990732,2020-11
node_369938,0.0,2021-02
node_171640,2.221931062944567,2020-11
node_186293,0.09425621967051868,2021-01
node_248912,0.17501225731927467,2020-10
node_8034,1.0,2020-12
node_86693,0.45829932152945224,2020-10
node_248824,3.0060153056865784,2020-10
node_240156,0.232932202677011,2020-11
node_392252,0.8123729469564671,2021-01
node_173406,0.012804160821090366,2021-02
node_3585889,0.0,2021-01
node_82640,0.9985123408061548,2020-12
node_14364,-0.04055815166267848,2020-08
node_3605785,1.2550811951892693,2021-01
node_120132,0.4599186736841973,2021-01
node_487976,-0.0007157402573196496,2021-01
node_174800,3.283178088222656,2020-08
node_7802,0.6333630881214363,2020-11
node_3633169,3.0657818064480464,2020-08
node_3544574,1.2916606610997714,2021-01
node_3544352,0.0,2020-12
node_203693,1.2859003203807526,2020-12
node_23734,0.939905955971027,2020-12
node_3625141,0.14437775663573377,2020-12
node_27590,0.1123040353421083,2020-10
node_292725,0.9969549861850007,2020-12
node_3510,0.044965718351433426,2020-12
node_125508,1.3339560264869281,2020-09
node_212501,0.7624863738192856,2020-12
node_193778,0.28259910628290286,2020-10
node_524659,1.0370112079117664,2020-10
node_32039,0.0,2021-01
node_5276,0.9163237030288967,2021-01
node_2412997,2.7503349788238176,2020-11
node_309108,0.16829123024914186,2021-01
node_38417,0.0,2020-10
node_121215,0.9750822801970219,2020-12
node_248957,-0.18059136130144438,2020-12
node_477712,0.0066965332214835626,2021-01
node_392250,1.0019124324326847,2021-01
node_245887,0.0004432459505145735,2020-04
node_3580755,0.005236272164232367,2020-12
node_3600508,4.671222096837496,2020-11
node_125509,0.12768888971971842,2020-12
node_244517,0.002506190091053764,2021-01
node_3615336,-0.013057549505065654,2020-11
node_132655,0.8716317669941002,2020-10
node_3605784,0.23795683554754984,2020-12
node_50052,0.9977413876666821,2020-12
node_248943,0.7680429208017634,2020-09
node_3576609,1.2612022669195944,2020-10
node_93396,-0.09912671521018385,2020-11
node_3601721,0.0,2020-11
node_261310,0.7084162485385964,2020-12
node_143041,-0.09783818747003942,2020-11
node_61664,0.0,2021-01
node_3594800,1.6374433559099957,2020-10
node_149897,1.0016634793898105,2020-12
node_93508,1.2911872495121755,2020-11
node_3556424,0.5034280398827751,2021-01
node_3544330,0.9778832163554172,2020-11
node_140848,-0.09783818747003942,2020-10
node_104112,0.5964434437857637,2020-11
node_143733,-0.09796779563993106,2020-11
node_52375,0.9993690043211609,2020-11
node_38474,1.0002076171329846,2021-01
node_34586,1.0,2020-12
node_3525625,0.0011455820997757372,2020-12
node_3548018,0.37336218323937037,2020-09
node_52276,0.0,2020-11
node_240087,0.17906832995056132,2020-11
node_39876,0.0,2020-11
node_113350,0.645634160324172,2020-12
node_76704,0.8901241356456718,2020-05
node_143256,-0.35109913899692724,2020-12
node_154036,0.1427369572545959,2020-09
node_44766,0.0,2020-12
node_187948,-0.06187544582427237,2020-11
node_2462794,0.5552058981565371,2020-07
node_140653,0.9691915894638183,2020-11
node_130025,8.604936797807046,2020-12
node_3596979,2.888202462052271,2020-10
node_5228,1.027705409869142,2020-09
node_3597557,0.1614718744082615,2020-09
node_247964,0.5097836025773845,2020-08
node_93417,1.378175809728282,2020-08
node_93505,1.7151477490630602,2020-09
node_3607040,-0.06898381720775498,2020-12
node_3526440,0.0033765171755509313,2021-01
node_3587460,2.056987548922131,2020-11
node_246273,0.08253020046620459,2020-10
node_188237,-0.09420038528856002,2020-12
node_3595888,0.19374382663438403,2020-12
node_3544394,0.6602410109151565,2020-08
node_525305,1.6258614747281237,2020-09
node_93434,0.05368070986347462,2020-08
node_170243,-0.0047792713211532055,2020-09
node_3580706,1.4893109629955852,2020-09
node_152623,-0.3921210653964952,2020-10
node_76774,0.19418060146853158,2020-07
node_151998,0.9432555837727218,2020-11
node_102592,1.012943433108106,2020-07
node_139619,1.0831942060893336,2020-11
node_3599205,-8.307680510379761,2020-10
node_3607612,0.7505914960249639,2020-08
node_197042,0.7777803511017146,2020-09
node_207648,-0.005954419713413602,2020-10
node_87304,-0.4320277661901918,2020-09
node_30466,1.0721872279363538,2020-11
node_3544403,0.3632374160872115,2020-08
node_197861,1.0,2020-09
node_73054,1.0,2020-05
node_3588888,-0.08675110581993573,2020-10
node_55677,0.49316749253910735,2020-10
node_248005,0.0,2020-07
node_136576,-0.12207392854103206,2020-10
node_153940,0.09505023934397074,2020-06
node_3592552,-0.22001703695353902,2020-07
node_243050,0.268435927565875,2020-03
node_116172,-0.15271039882635778,2020-10
node_110156,0.14166276093940125,2020-10
node_30357,0.9487743482964368,2020-06
node_3594470,0.04918298502491069,2020-03
node_80553,0.49238687986843926,2020-08
node_30377,1.0,2020-05
node_153942,0.023684372704396568,2020-06
node_3588887,0.13676833167516358,2020-08
node_205703,1.035151917394682,2020-08
node_199751,2.1902896850049793,2020-09
node_228745,1.2574678577103868,2020-09
node_2421177,0.0,2020-06
node_3581036,-0.08645360391155216,2020-07
node_2465301,0.0,2020-06
node_209567,-0.002077504586265394,2020-09
node_123754,0.9315602681934166,2020-09
node_229155,-2.1822673695174624,2020-09
node_191392,0.11103956372231728,2020-09
node_3627030,0.0012520764758797353,2020-08
node_141075,-0.026453949435221103,2020-07
node_100185,0.0,2020-05
node_93503,-0.2935103860838676,2020-06
node_93445,0.8019643248377019,2020-08
node_2464449,0.14772338899788048,2020-08
node_3581535,0.9219222842481303,2020-06
node_3631701,-0.0028777286656382095,2020-05
node_2411410,0.002096251816946951,2020-06
node_3591130,0.3371765437469258,2020-07
node_164874,0.04337100214510368,2020-05
node_2470855,0.7326909650143782,2020-06
node_173874,-0.011557159820434888,2020-05
node_102562,0.02927373348548779,2020-05
node_29108,7.74697391507222e-05,2020-02
node_3045929,0.0003113229109170132,2022-08
node_164732,0.07519669927148508,2022-01
node_3633250,0.7811777236205097,2021-03
node_2614637,1.0,2022-03
