RecombID,PyRo,CovFit
node_1034042,27.56782995598451,0.8466639
node_1033609,10.731130393763511,0.594385
node_1033534,9.42041159622033,0.57976866
node_1460838,24.53602780391771,0.892529
node_1286772,27.899647936939076,0.8323338
node_2205679,11.163957352774467,0.6856672
node_1460837,21.644322935640197,0.8104145
node_908965,15.298421604926272,0.74484354
node_1088271,25.271523286129703,0.8323338
node_912310,7.339579851147376,0.49897125
node_1305677,23.986313575596316,0.8323338
node_1226671,27.712209714678263,0.8733537
node_917232,11.109608894315613,0.6210907
node_1114565,26.95518517599713,0.8322123
node_1297994,28.236082688308883,0.8733537
node_1112883,25.88292280293922,0.8323338
node_1188870,25.567576053248953,0.7680033
node_1084026,25.897678850044322,0.8323338
node_911455,15.371866576190703,0.7273627
node_1101495,25.515370495392297,0.8323338
node_1270552,23.986313575596316,0.83233374
node_912103,5.6871845556722,0.4935679
node_1427771,21.522321567377826,0.7985296
node_1082449,24.578105689009014,0.8323338
node_908957,5.504828520959406,0.49356797
node_1460944,16.714718858202854,0.80503607
node_1286773,27.093127555857293,0.8323338
node_1214048,23.986313575596316,0.8323338
node_2061051,14.243331316650895,0.6925275
node_1207583,23.9850117009885,0.8323338
node_1421962,24.59298304067435,0.7995026
node_1849159,15.60315468174623,0.7503221
node_2065986,17.683931068539,0.7457802
node_1295707,26.060300429315717,0.83293974
node_911454,12.099053095860027,0.6034778
node_1310274,20.878697065712444,0.74900407
node_1365291,18.87238389613994,0.74067324
node_1378081,22.702819013642976,0.7915986
node_1419152,20.214763625512333,0.7976948
node_1111808,26.387291191935653,0.8323338
node_1778972,14.963221495916578,0.7451463
node_1294292,23.17247472419575,0.8323338
node_1636209,16.97816119302494,0.77155226
node_553513,5.445799079246169,0.5332647
node_1428028,22.27125737142766,0.7971515
node_1110949,25.319821788947444,0.8323338
node_1378038,23.47175381755151,0.7936203
node_1377982,21.992541430726842,0.7936203
node_2065984,17.678351289414337,0.74578017
node_1188485,23.988648399455144,0.83233374
node_1088305,20.535136919447453,0.78980434
node_1309803,23.98421238021385,0.8323338
node_1365290,17.51563103041197,0.74067324
node_908961,7.02582256873504,0.53763187
node_1714303,21.21668520292733,0.7720501
node_1707460,19.44051771290576,0.77253693
node_2156341,16.853533363860347,0.7551857
node_2156342,16.853533363860347,0.75518566
node_1294290,24.321441681306947,0.8323338
node_1416549,20.97560431202041,0.7971515
node_1666043,19.232614715454897,0.7775426
node_1294973,25.20245221746723,0.8323338
node_1417089,22.14638017753471,0.7971515
node_1684454,20.772317226547056,0.77820253
node_1082770,24.705833751053497,0.75425875
node_1461036,18.84752225695576,0.7821102
node_1377968,17.16165560699537,0.70643157
node_1189839,23.226534649545417,0.75425875
node_2065978,15.07896008015465,0.7261372
node_1413595,20.48772159256528,0.7966386
node_1698705,20.953460000779355,0.7772205
node_1461027,17.205960422818816,0.77220243
node_1190529,22.008806308170996,0.75425875
node_1715535,19.84352756485501,0.7739429
node_1460963,17.522778007315523,0.7821101
node_1392554,18.581577817684337,0.7525753
node_1035922,22.659066526934765,0.75425863
node_1508762,5.381904135029821,0.5068585
node_2156340,15.904121826470858,0.7323387
node_1286841,24.37944355593496,0.8323338
node_1310133,23.236590895965815,0.8072685
node_1713884,18.96894806779401,0.77253693
node_2065977,14.417512305234354,0.7191659
node_1392143,20.04036048443223,0.7531703
node_1626349,16.691462315451766,0.75483584
node_1960550,18.253762807336642,0.77253693
node_1424977,23.17871405767998,0.7987751
node_1849093,19.62668205883672,0.7739652
node_1412912,21.971406601851477,0.7971515
node_1633477,19.15624534241725,0.77444965
node_1849095,20.149219899938277,0.77971923
node_1670124,18.774888840121562,0.77240145
node_1647161,20.73378820532602,0.7798354
node_1277583,19.530867247174754,0.79158187
node_1380871,18.142790674747967,0.7821102
node_1693585,19.58466907274383,0.77253693
node_1626068,19.60503380406222,0.7503137
node_1849090,19.197590377770094,0.7727562
node_1829766,15.393502426053535,0.7323387
node_1880595,14.668001943376947,0.6919598
node_1461214,17.182088243269583,0.77253693
node_1461043,18.249608358682167,0.7678257
node_1680573,21.301725853098066,0.77498823
node_1717064,21.195621662608172,0.7773175
node_1310303,20.878697065712444,0.749004
node_1666588,18.969960799542356,0.7725369
node_1691487,18.812933435415673,0.77253693
node_1461048,21.14035873949795,0.7977705
node_1849143,17.398302430577623,0.7503221
node_1829764,15.393502426053535,0.7323387
node_1713940,18.27647107543507,0.7722235
node_1461154,16.53403857666976,0.7604135
node_1461193,14.522468473363316,0.7503221
node_1193590,22.21030032773078,0.75425863
node_1742550,17.386387413826913,0.74700266
node_909015,16.22028710323543,0.7448412
node_1659908,19.610006520164184,0.7764062
node_1707627,20.772689725311135,0.77820253
node_2156321,13.574143908488837,0.69174844
node_1634768,18.682040421340734,0.7523013
node_1461212,17.380482130715798,0.7797781
node_1721750,16.86277210335541,0.7548866
node_1310135,22.08251966144636,0.8072685
node_1363155,17.338755356021085,0.74067324
node_1580420,17.896631387604312,0.7239541
node_2136884,18.892970521441697,0.7566675
node_2065720,17.509816321102598,0.75998867
node_1666902,18.964657397698108,0.77253693
node_1938786,13.632744735316779,0.6917484
node_1460958,18.264562371326896,0.7525754
node_1849763,17.631807230917833,0.77253693
node_1365991,15.385808420309791,0.7277466
node_1441976,19.7649518377216,0.7369672
node_1849072,17.793582562592977,0.77253693
node_1812205,17.104096564621454,0.7235345
node_1619873,21.029732295805662,0.7725369
node_1820066,16.16435735416703,0.7317629
node_1707712,21.42998008113527,0.7758112
node_2205672,16.497124120698,0.76639265
node_1508600,5.9524417290074325,0.56066924
node_1404814,17.950514904314502,0.7525753
node_908959,5.2631342883600425,0.49857458
node_1999812,16.12309601304749,0.7323387
node_1663006,19.031461725543515,0.77253693
node_1461211,16.973574610623437,0.779778
node_1580441,17.562415654646014,0.72395396
node_526917,3.318777412961295,0.47831804
node_1983301,17.593119709215248,0.7658153
node_1944018,17.321869894793252,0.6917484
node_1814830,15.264158085396884,0.692388
node_2205656,14.569376122939698,0.7336276
node_1589943,18.518594585010593,0.7503221
node_2033178,15.286554894612205,0.705684
node_1609458,17.296575431980024,0.75518566
node_1636504,18.967505306536424,0.77253693
node_1377970,20.402798442582096,0.7525754
node_2065664,17.162848443578536,0.74218094
node_1633278,17.60707588203198,0.7599474
node_1622301,17.808732377372532,0.7678979
node_1658993,19.456199851428824,0.77253693
node_1394246,17.991878916820003,0.7525753
node_1630804,17.95108544357178,0.7503221
node_1892117,15.455139619801198,0.6920936
node_1622516,16.389086073915188,0.7503221
node_1331681,21.164457233224944,0.7564397
node_1707576,15.146102528291559,0.7503221
node_1819221,14.172439437971065,0.7323387
node_1749362,18.700376175591447,0.78294486
node_1960218,19.076747785539606,0.77253693
node_909418,19.847679892260963,0.74935
node_1882189,15.866522239891648,0.70819825
node_1823156,15.37654452718817,0.7323387
node_2065842,15.829308657371973,0.7323387
node_1391764,19.283820147776225,0.7525753
node_1707638,19.123913244861956,0.77253693
node_1617150,16.857007465997768,0.74984664
node_1614574,17.65019570818026,0.7503222
node_1824674,16.66295680028725,0.7323387
node_1974498,17.27802276660161,0.7323387
node_1699188,18.356929176104334,0.7737472
node_1313133,22.597322820692604,0.75599444
node_1610455,16.695362691201236,0.7503221
node_1401938,17.960221937149228,0.75264394
node_1938785,13.767083647433653,0.6917484
node_1311385,18.911005606258744,0.74900407
node_2065832,17.10056168422731,0.74232733
node_1310894,19.99951030091538,0.74900407
node_1734556,18.428292877173696,0.7439171
node_2063059,14.656251495720907,0.69174844
node_2115640,16.70719516770879,0.69174844
node_1312160,20.98634398989138,0.75599444
node_2066162,18.10209178814376,0.7457802
node_2136952,18.893663945860062,0.75666755
node_1823971,15.932698500966966,0.7323387
node_1947780,17.745315045779456,0.75567317
node_1826191,15.627385641126514,0.7323387
node_1662961,19.707063662020378,0.7727215
node_1344341,10.600551443112316,0.64516693
node_1377979,22.093235153202823,0.7525754
node_1441647,16.73787712661419,0.7676651
node_1615030,18.767622490898443,0.76664793
node_1413505,22.194933897040666,0.7971515
node_2065878,14.900644780884615,0.7323387
node_1659770,18.96894806779401,0.77253693
node_2043265,18.892970521441697,0.75632805
node_1605396,16.831597562542605,0.7503221
node_1389754,18.518278845664614,0.7525753
node_1784033,13.61629857722246,0.69174844
node_1461120,18.488360168752383,0.7561217
node_1910816,15.409348991611072,0.7323387
node_1818182,17.762315387779434,0.7323387
node_1745593,17.028983259743963,0.7323387
node_2170808,16.978575762337215,0.74218094
node_2273276,8.75320133225405,0.5758939
node_1427849,20.82582507466975,0.7971515
node_1404775,18.03698213096824,0.7525753
node_1628585,16.926741184645437,0.7503221
node_1695614,18.969844195345676,0.77253693
node_1723786,20.393609516923664,0.77253693
node_1694734,20.138057443859356,0.78169614
node_1909944,13.727164501653926,0.69174844
node_1677260,17.1339561088847,0.7523526
node_2060781,14.348231006524324,0.6908747
node_1605509,15.98305411235189,0.7322336
node_1789051,17.62371414984942,0.70806456
node_1707600,19.06308447726469,0.77253693
node_1825678,16.105842107642708,0.7323387
node_1835269,16.486563239121597,0.7323387
node_1310252,19.50417723874546,0.7493405
node_1584311,14.814223063616248,0.7240064
node_1995011,17.131709919095318,0.73118603
node_1659649,18.964657397698108,0.77253693
node_2198216,17.53741326976073,0.7774352
node_1800823,15.32917928621235,0.7343318
node_1980189,14.348083385509009,0.69174844
node_1628576,16.62575484962686,0.7503221
node_1707694,18.96894806779401,0.77253693
node_1874946,16.11087000877833,0.7323387
node_2065960,14.16889118841917,0.69460654
node_1713374,19.760941896290152,0.77253693
node_1723107,17.74838329852518,0.7503222
node_1362858,17.46883069960347,0.74501663
node_1765633,12.163463703311585,0.67942494
node_1621325,18.93444902500742,0.7503221
node_2031811,15.994725313801947,0.73283553
node_1583753,13.102191553823555,0.69174844
node_1874932,15.967536622244015,0.7323387
node_1862464,16.48508775774047,0.7323387
node_1746402,14.949266573432428,0.7323387
node_1847236,15.368168202662256,0.695672
node_1807775,17.427170303078793,0.75227153
node_1861608,14.578560345937753,0.69174844
node_1843959,15.467272499140227,0.7323387
node_1884960,14.666827337211156,0.69209355
node_1914324,13.39682930596033,0.69174844
node_1914325,13.39682930596033,0.69174844
node_2205654,11.844673821491776,0.6885336
node_2006199,14.585328117773159,0.7036394
node_1435950,16.6001379239555,0.7259939
node_2090281,16.53396913385358,0.7240064
node_2065869,13.613329036579987,0.69174844
node_1435454,16.599840247971215,0.7259939
node_1365460,17.338755356021085,0.74067324
node_1787671,16.027832944650537,0.7323387
node_2131208,13.140552490056834,0.6917484
node_1439779,16.650638749101486,0.7259939
node_1583078,14.746703997222674,0.7125644
node_1922350,15.715974225840641,0.7240064
node_1956404,18.671770493697167,0.7643479
node_1812200,17.312131525579204,0.7240064
node_2030494,15.981530344629707,0.7169383
node_1377949,17.320676304917807,0.7259939
node_1830901,16.526500773828474,0.7323387
node_1848630,13.616054407860743,0.6917484
node_2050836,15.16338438966964,0.69174844
node_1824128,15.506182881993789,0.7323387
node_2067151,15.475640390869073,0.69234896
node_1982293,14.347527349225095,0.69174844
node_1909990,14.77073003055948,0.70565474
node_1866469,13.588423173619526,0.69174844
node_1780255,19.19872892462787,0.7792552
node_1809027,17.222356787151327,0.73283553
node_1740840,16.560897262377257,0.7323387
node_1508625,6.897144669891443,0.6585617
node_2078626,14.94586055584405,0.69174844
node_1461139,10.27151289535836,0.6572178
node_2136944,17.66951295910884,0.75579494
node_2060799,14.348686429473686,0.69174844
node_2065830,15.74511250546515,0.7323387
node_2049905,14.344256712521316,0.69183314
node_1710999,16.988885395994103,0.76810795
node_2060057,14.348686429473686,0.69174844
node_2003986,16.221481785973044,0.7323387
node_2143258,14.094400628985237,0.6919878
node_2004445,15.399576360765469,0.6939988
node_2054062,16.61063498045931,0.71598977
node_2067026,13.873509910118061,0.69174844
node_2148992,13.617223257414087,0.69174844
node_1440809,16.057561803030822,0.7259939
node_1812202,15.371626577111401,0.7124894
node_2186617,14.149226524278008,0.70819825
node_2067005,14.784526099488916,0.69174844
node_1814758,15.393502426053535,0.7323387
node_2192015,14.81277375389224,0.7323387
node_1780258,19.43949021149658,0.7792552
node_227128,1.1185072146300772,0.27049223
node_1939578,12.747356286168506,0.69179773
node_2003599,14.277094502530032,0.69174844
node_2005193,14.986955658585325,0.7153352
node_2065612,14.706640257676193,0.69174844
node_2065747,12.873821892912547,0.69174844
node_2042573,14.348686429473686,0.6917484
node_2191466,15.176725769599798,0.7146516
node_2136576,15.388329072974084,0.69174844
node_2066169,14.369084658847239,0.70407856
node_2066892,13.94267387407584,0.69174844
node_2124567,15.730609323258133,0.69174844
node_1573818,13.61629857722246,0.6917484
node_2030177,15.45132376104589,0.7064872
node_1917980,13.61629857722246,0.69174844
node_2005491,16.024669843423172,0.71586835
node_1780276,14.96039969844632,0.6665769
node_1811432,16.506849071157266,0.6917484
node_2059993,15.760480932725324,0.7056547
node_1981029,14.117114843644703,0.70648724
node_2135556,14.342519685182392,0.69174844
node_1509017,7.240467745190047,0.56066924
node_1508657,9.099029868657956,0.6799702
node_1814846,17.052031428519616,0.7323387
node_2114860,15.478382318313601,0.7204726
node_2136309,14.14439312528029,0.6917484
node_1986867,14.348686429473686,0.69174844
node_1738687,13.544139500791982,0.69190323
node_959571,10.74742631444359,0.5904646
node_2065980,17.38259815941046,0.75603557
node_2041620,16.857834126941594,0.7056547
node_2063675,14.142083175257245,0.6917484
node_1744422,15.705432575201728,0.69196033
node_1583734,14.35724320467873,0.69174844
node_1376436,13.113232042498225,0.68390983
node_1790855,13.581751880971657,0.69174844
node_2136313,16.71335332145508,0.77253693
node_1762341,14.730963175009022,0.69174844
node_2121638,13.993687009166303,0.69174844
node_1605473,14.103964527136691,0.69174844
node_1583818,14.44701472804145,0.7323387
node_2158931,13.397824621514392,0.6917484
node_2004505,14.348686429473686,0.6924015
node_2109179,14.015861413363945,0.69174844
node_1574365,13.28886500770974,0.69174844
node_2103499,14.804578632696028,0.7120164
node_526974,5.152295935246888,0.49149328
node_2166195,13.616454193341617,0.69174844
node_1583142,13.588848593043096,0.69174844
node_2142930,13.826717452200379,0.6919879
node_526916,1.3241516761776588,0.3503768
node_2192907,14.14996844427233,0.70819825
node_1902830,14.864544596145848,0.6920936
node_1814769,13.61629857722246,0.6917484
node_2065963,13.632889106847973,0.66596776
node_1957005,14.348076674911985,0.69174844
node_1583143,13.590820844982897,0.69174844
node_2008994,14.348780040609308,0.69174844
node_2102759,13.28886500770974,0.69174844
node_2178134,12.594548884089901,0.69174844
node_1929538,13.616054407860743,0.69174844
node_1856760,13.739286444074738,0.69174844
node_2055692,14.30747413777034,0.69174844
node_2066931,14.221480382250869,0.69174844
node_2084520,14.21729384491795,0.6917484
node_1917981,14.044000585547927,0.69145495
node_1909908,15.578249522648292,0.69174844
node_2184618,13.713133935282102,0.70819825
node_2255455,8.752891139175668,0.5794594
node_2073542,13.342753119953509,0.69174844
node_1587455,13.010117708189844,0.6917484
node_1759062,14.0970478059855,0.69174844
node_1377966,17.732446375332366,0.6872067
node_1744495,13.476615652397156,0.69174844
node_2127987,14.788229520792731,0.692199
node_1580524,14.98098155038185,0.7201948
node_1789035,16.042507208818765,0.70819825
node_1998945,14.348686429473686,0.69174844
node_2004335,15.427890301972182,0.69174844
node_2159371,16.478429091167694,0.7056547
node_1760507,14.770701642720713,0.69174844
node_1572378,11.96926719784646,0.6917484
node_1517866,12.908278192474098,0.69489706
node_2005198,13.419504387837659,0.69043636
node_2126161,13.504502927309945,0.6796345
node_1765789,12.28818674700489,0.69193345
node_1567073,13.812915068021804,0.7314685
node_2103507,13.844529878537502,0.69174844
node_1921583,13.733886111298014,0.69174844
node_1738676,14.309239864856348,0.69174844
node_2084070,14.821030027750226,0.69174844
node_2004914,14.348686429473686,0.69174844
node_2026596,14.366772428111735,0.69174844
node_1592195,14.1669224160931,0.69582784
node_1914309,13.137875262241597,0.69174844
node_633736,9.447559387724269,0.53254
node_1910001,13.828637180442774,0.69174844
node_1906569,14.514113052077093,0.6917484
node_2073579,13.342753119953509,0.6910984
node_1873789,14.419021292199593,0.6917484
node_2090552,14.752646691487419,0.7168734
node_1775664,13.238567542478215,0.6809307
node_2004630,13.419504387837659,0.6910922
node_1517814,11.979560033147205,0.6948245
node_2123468,13.479075229796011,0.69174844
node_1932360,13.614859628361897,0.69174844
node_1765699,12.519771315875685,0.6919878
node_2179474,14.76398479061112,0.6997325
node_977821,8.754372263284976,0.5794594
node_2156353,12.907015490305962,0.69174844
node_2066915,16.701523419721763,0.7323387
node_1813285,13.61629857722246,0.69174844
node_2144540,13.253107364332495,0.69174844
node_1909954,15.268167263642795,0.73283553
node_1892798,14.666564329621464,0.69209355
node_2065816,14.094832013040705,0.6919878
node_1738704,13.228231821149938,0.69174844
node_2196913,14.75255284577451,0.7106094
node_2118189,14.031639092763653,0.69174844
node_1910177,12.85746530193671,0.69043636
node_1578392,15.490818599527705,0.7201948
node_1894523,14.751577113217785,0.69174844
node_1884967,14.643017490003244,0.6907765
node_2113820,13.072178589346036,0.6917484
node_1517729,8.75303764891958,0.5794594
node_1801927,13.614893502174795,0.69174844
node_1517790,8.753360352231779,0.5821479
node_1587931,13.23635505967643,0.69174844
node_2097147,13.726287638392872,0.6917484
node_1905937,14.069014837244488,0.69174844
node_1745697,13.686271635165848,0.69174844
node_2147039,18.04071640365052,0.6917484
node_1587932,13.23635505967643,0.69174844
node_1003322,8.75303764891958,0.5794594
node_1750163,14.055680217200976,0.69174844
node_2069055,15.556623554635399,0.7323387
node_2003751,16.419513909116425,0.71468174
node_1739456,13.352472699081938,0.69174844
node_1994430,14.348686429473686,0.69174844
node_1765845,13.1384318167603,0.69174844
node_2120646,15.707881613714893,0.7323387
node_2160886,13.137875262241597,0.69174844
node_1558400,10.76426951386284,0.6617725
node_2092383,13.318153108757562,0.69174844
node_1953564,14.348429126831054,0.69174844
node_1517907,13.291261671275578,0.69489706
node_1558401,10.764825354186929,0.6617725
node_2112084,12.907015490305962,0.69174844
node_1758308,15.083941483302556,0.691777
node_2160647,13.137875262241597,0.69174844
node_2065576,15.188203798970097,0.69174844
node_1873611,13.503867555394462,0.69174844
node_2160649,13.137875262241597,0.69174844
node_1552018,12.214175946368535,0.6839946
node_2125485,13.817195953053666,0.69174844
node_1583691,13.223261330388361,0.69174844
node_2196839,14.147876117213082,0.70819825
node_1750464,14.0660430717639,0.69174844
node_1572352,12.677280532987252,0.69174844
node_2064104,14.656251495720907,0.69174844
node_2085024,13.134577806674228,0.6908148
node_1569361,12.005451700545658,0.69174844
node_1848804,13.61629857722246,0.6910985
node_1574831,12.923992763049872,0.69174844
node_1745987,14.21738711067148,0.6917484
node_2086397,13.44022655199256,0.69174844
node_1765682,13.44022655199256,0.6917484
node_1738647,13.350123823876677,0.69174844
node_2108447,13.137875262241597,0.69174844
node_2196522,14.144632945498799,0.7081982
node_2129923,14.585469596142058,0.69174844
node_2165808,13.135128950375849,0.69174844
node_1932519,13.74743683175967,0.6917484
node_1767340,13.00544281217456,0.6809307
node_1555854,9.175579309982737,0.6600166
node_2200837,14.031967897208562,0.7081982
node_1790305,12.907015490305962,0.6902991
node_2053119,13.61629857722246,0.69174844
node_2125863,13.479075229796011,0.6917484
node_2080993,12.90781515631464,0.69174844
node_2119347,13.558751147446003,0.69174844
node_1912795,13.186773240597969,0.6917484
node_1752055,14.134542087899918,0.69174844
node_2194883,14.144632945498799,0.70819825
node_1508741,8.407856993120513,0.66719776
node_1795474,13.61629857722246,0.69174844
node_1575934,12.922092739769726,0.6941352
node_1473793,7.692782872164172,0.6099872
node_2203518,12.157474915507128,0.69198936
node_1942412,13.61629857722246,0.69174844
node_2170654,13.051619360532465,0.69174844
node_2074144,13.060678434362265,0.69174844
node_1606523,13.475982419972382,0.6917484
node_1741018,13.350123823876677,0.69174844
node_1518017,9.637181592962875,0.6259055
node_2113814,13.853177019256934,0.69739175
node_2105564,13.138206615458287,0.69174844
node_1604798,13.738151972084514,0.6917484
node_2203830,14.535561875662298,0.70724285
node_1518174,9.6375368925223,0.62696475
node_2127293,13.258934671310033,0.69174844
node_1769280,13.005676031767772,0.6809307
node_1942598,13.61629857722246,0.69174844
node_1587564,13.022912616151132,0.6911855
node_1518194,9.635692974443478,0.62696475
node_2193762,14.144632945498799,0.7081982
node_551482,7.627518263241604,0.56789595
node_1558278,12.020079523296163,0.6665769
node_2127904,13.137875262241597,0.69174844
node_2143582,13.80592986181474,0.6919879
node_1474599,13.32317366672897,0.69174844
node_1517829,12.512837044475825,0.66868955
node_1518195,9.635692974443478,0.6242666
node_914269,11.99784699970918,0.6910139
node_1765734,13.208394837693213,0.69174844
node_2004946,14.348674248878945,0.69174844
node_1747527,13.064602059583745,0.69174844
node_1745286,13.350123823876677,0.69174844
node_80291,1.8281683677744536,0.44111514
node_1453118,8.942916800402369,0.5794594
node_1555022,12.020079523296163,0.6665769
node_1487489,9.340974098463764,0.62275624
node_1782472,13.779292200410055,0.69241905
node_1583672,14.289780050844731,0.69174844
node_1605490,14.415580891656356,0.6917484
node_1572383,12.3066067829841,0.6917484
node_2152523,14.181841344275092,0.69174844
node_1912138,12.723441760909253,0.69174844
node_1518016,9.637465690662756,0.6259055
node_1790313,13.61629857722246,0.6930615
node_2125382,13.477675985711924,0.69174844
node_610867,5.313985709410495,0.4875463
node_1570957,11.372513584891252,0.6766481
node_1518275,9.6375368925223,0.6269648
node_1905458,15.286127228648354,0.72381824
node_1494316,9.637181592962875,0.62275624
node_551470,6.606817642394169,0.5075742
node_2203527,11.99385120160406,0.6665769
node_1605453,13.47508210618669,0.6919878
node_2106299,12.813473057934385,0.69174844
node_2203802,10.84181145017233,0.6917484
node_1518140,10.181760160925936,0.62275624
node_2203553,12.665285365249495,0.69174844
node_2067039,13.663760977107142,0.6902577
node_676607,5.94235074854556,0.5088408
node_2394178,8.755414850288826,0.5794594
node_1574442,12.90756226500512,0.69174844
node_2294604,12.081657548820738,0.67479753
node_1518152,10.1936639917472,0.6242666
node_1336051,8.071163920912403,0.6072277
node_1518289,8.753360352231779,0.58337176
node_1518145,10.1936639917472,0.62275624
node_1518234,10.194039807465755,0.62696475
node_1750235,13.159835160225605,0.69174844
node_1750007,13.03774406002251,0.6939736
node_1518277,9.6375368925223,0.6259055
node_1477332,9.637181592962875,0.62275624
node_917594,7.992453488965592,0.5794594
node_1750021,13.025947633967295,0.69174844
node_1501349,9.638271287320531,0.62275624
node_1486028,11.767245891898872,0.69804245
node_1520398,7.989741474323856,0.6145334
node_2250785,7.667509760685643,0.5803906
node_2389164,8.75303764891958,0.5794594
node_2202132,9.406155214174634,0.6584366
node_2400078,8.753103553414057,0.5794594
node_916880,8.406154868670532,0.5794594
node_1518339,9.637181592962875,0.62538064
node_1524990,11.98777882998068,0.69766074
node_1518340,9.637181592962875,0.6247851
node_2203787,12.031387861011636,0.6917484
node_2082909,14.441639982339138,0.6940796
node_2363372,10.98235567038528,0.6872697
node_1556024,11.589709183292896,0.69065255
node_2250994,7.372228094627173,0.5662612
node_1596388,13.414317678435047,0.69174844
node_2261445,9.894589630656164,0.61222297
node_928349,8.848785898511277,0.5794594
node_1458754,8.791859997295091,0.5794594
node_1498371,9.637181592962875,0.62275624
node_633722,4.7133738549753605,0.48720735
node_2182947,12.511388664815183,0.6663912
node_1518283,9.059461370428481,0.6198696
node_1518214,9.256028480835644,0.62696475
node_1555935,11.729092515909304,0.66638905
node_966772,9.286615403632245,0.5836727
node_1477389,8.17665559381345,0.60752565
node_2395080,8.755414850288826,0.57904536
node_1518238,10.192089415523617,0.62538064
node_1487466,9.255687246049417,0.62275624
node_1518090,9.256028480835644,0.62275624
node_2312461,8.75303764891958,0.5794594
node_999682,8.75303764891958,0.5824589
node_1524693,9.087872841786302,0.58149993
node_2392874,8.98924596405721,0.5794594
node_1375050,7.967388546534508,0.58973986
node_1529612,8.489467360703413,0.5896904
node_2203572,13.358149926979937,0.6917484
node_2305420,9.310375833768411,0.5794594
node_1517800,9.662422342668727,0.58372515
node_2395058,8.75303764891958,0.5789114
node_1448743,8.7049146285672,0.5792847
node_1530705,9.757392569807683,0.6340101
node_1526521,9.63891979612482,0.62275624
node_633702,5.006626730308768,0.48720735
node_1540645,9.762725085176085,0.5797601
node_1526524,10.216136436303739,0.6264104
node_926657,8.754722228061986,0.5794594
node_1501949,9.110658756329913,0.5794594
node_2203817,8.383754037348277,0.5794594
node_1518129,9.637181592962875,0.6242666
node_2252205,7.895677438160912,0.5794594
node_2249845,7.945822773658177,0.5794594
node_2340800,7.908966456916384,0.5658967
node_2239266,9.716758740988695,0.58551174
node_1572506,12.3492916481013,0.6663912
node_1517719,9.255687246049417,0.62275624
node_2246816,10.404933549245738,0.61701614
node_996915,8.75303764891958,0.5794594
node_2251094,7.630770197364249,0.5794594
node_1493518,8.124162175196531,0.5719198
node_991809,8.75248698113258,0.5794594
node_920964,8.249423449537657,0.5998332
node_596267,5.1294191569182574,0.48722076
node_1499561,9.637181592962875,0.62364465
node_1517765,8.75303764891958,0.5794594
node_1517739,8.753360352231779,0.5794594
node_1567324,11.96394968230101,0.6665769
node_1489544,8.366656201063984,0.60752565
node_2203585,12.20540345704103,0.69174844
node_613762,5.662912398984925,0.49149334
node_1498373,9.255687246049417,0.62275624
node_719345,5.751076169442083,0.510089
node_2346639,8.85393352344406,0.5794594
node_922192,8.850176515719733,0.5838904
node_2251147,7.635968876769736,0.5794594
node_970188,8.592344135681802,0.5794594
node_2305338,8.75303764891958,0.5794594
node_833750,7.243194741441919,0.5269741
node_2384141,8.634659860245087,0.5794594
node_1447571,8.79874282074905,0.5796094
node_921623,9.282828318835469,0.5794594
node_2203741,11.982653963512734,0.69174844
node_1517073,9.619386420589716,0.62275624
node_1350447,8.138666931711002,0.5766708
node_2369111,8.547213300021891,0.5794594
node_879280,5.58136486362691,0.50933355
node_2227240,8.75303764891958,0.5794594
node_2250881,6.681744144873739,0.50127524
node_916162,6.256508613185752,0.5713136
node_2250821,6.87157331233684,0.5794594
node_2377723,8.290080354139109,0.5794594
node_2639557,2.8773174856357655,0.3650799
node_2410289,5.448060294182038,0.49386272
node_1468317,8.683711417967766,0.5794594
node_2260338,8.090384493907102,0.5738577
node_923304,8.683711417967766,0.5794594
node_2249794,7.993799389177104,0.5794594
node_1458429,9.47079130082125,0.583301
node_922191,6.769378631040487,0.577301
node_2410005,9.074014688624041,0.58389044
node_2250824,6.92735894537833,0.5794594
node_2389210,8.754723853814053,0.5794594
node_2396222,8.75303764891958,0.5794594
node_1458160,8.683711417967766,0.5794594
node_917446,8.406154868670532,0.5794594
node_2227897,8.874504475000903,0.5794594
node_1375904,8.683711417967766,0.5794594
node_2398768,9.312101585263754,0.6235508
node_922201,9.074238856759235,0.58389044
node_796910,5.6163764552111966,0.50933355
node_1548528,8.864358103925783,0.5805932
node_1008533,7.055789123975509,0.5720913
node_2395104,8.75303764891958,0.57904536
node_2215575,9.167728559961168,0.5794594
node_2251328,8.182677747160707,0.5794594
node_948835,8.483718709138596,0.5794594
node_945706,6.394815007918739,0.57131356
node_2389261,10.202125000763282,0.5794594
node_917763,8.439070874599189,0.5794594
node_943292,8.983395635778754,0.5794594
node_797973,5.74196323007881,0.50933355
node_757960,4.474612210050812,0.4684713
node_2344298,8.049431388767553,0.5794594
node_2251130,6.489091926167456,0.57050437
node_917631,8.64522668234762,0.5180583
node_1349943,8.429731613188382,0.5794594
node_2251107,8.186700865630753,0.5794503
node_1520768,10.936739304913282,0.62275624
node_1368448,8.653070394824354,0.5794594
node_846424,5.581464951233452,0.510596
node_2227259,8.875648916139212,0.58368444
node_921222,9.14480720857953,0.5794594
node_903159,5.354894079684595,0.50933355
node_2251101,7.93753972078758,0.5794594
node_2305872,7.748719361239682,0.52576745
node_869954,5.59851003969764,0.5146543
node_551501,7.7871055566553435,0.56789595
node_1541986,7.171102328745661,0.5713136
node_975318,8.684972705753587,0.5794594
node_1541264,8.909597798467034,0.5794594
node_2217621,7.526704525493247,0.5823612
node_2389319,8.547213300021891,0.5794594
node_1445011,8.47666606680758,0.57920253
node_1352714,8.583880843504057,0.57889265
node_2250917,8.006020250639134,0.5794594
node_551518,6.67700062179077,0.5521128
node_838608,5.219534626976148,0.49420667
node_2272010,8.87337985990146,0.5794594
node_962515,8.2369415178444,0.5794594
node_551572,6.28559578312139,0.50779563
node_1033370,8.75303764891958,0.5794594
node_993295,9.79886837431061,0.6301251
node_800018,5.4938676754550535,0.50933355
node_2250921,7.829687056792666,0.5794594
node_2214425,8.75303764891958,0.5794594
node_1447659,8.729512444411386,0.5794594
node_939949,8.683711417967766,0.5794594
node_725714,5.659509218821744,0.5093335
node_783115,5.581464951233452,0.50933355
node_2382272,8.657894727846665,0.5794594
node_2253486,9.025105685002817,0.5794594
node_916988,8.381532972138261,0.5794594
node_902959,5.985955324071705,0.50933355
node_678178,6.040240795761549,0.50933355
node_551582,6.790272830596787,0.5047587
node_1027420,8.784454454040675,0.5794594
node_1030065,9.302151074991075,0.5794594
node_2305677,7.9117280587864265,0.5658967
node_2306092,7.598491615884143,0.5658967
node_968228,8.683741875270604,0.5794594
node_2257289,8.373709508491972,0.5765938
node_2257641,6.324574692119075,0.57131356
node_907053,5.70584745331996,0.49353236
node_917998,8.683711417967766,0.5794594
node_2395621,8.75303764891958,0.5794594
node_596476,5.250694313238924,0.48720735
node_633710,5.431565732999158,0.50933355
node_677467,5.953114154803036,0.50933355
node_556450,5.580935821624372,0.50933355
node_879995,6.594702921269429,0.50933355
node_2265170,8.54682995071742,0.5794594
node_578377,5.7868792983756,0.5112127
node_2216363,9.167728559961168,0.5794594
node_838620,7.090823618377393,0.50276464
node_746933,6.352185379823469,0.50933355
node_639227,5.757336750056076,0.4997967
node_576760,6.0041890342854085,0.48877442
node_2387009,8.071372949008067,0.5794594
node_2250775,7.834085992381284,0.5794594
node_900187,5.194158755786706,0.48720735
node_648595,5.1828750331177265,0.49192446
node_838622,7.083567195552425,0.5003415
node_2341048,7.934674068805626,0.5682876
node_2223572,8.752902984471259,0.5794594
node_2365296,8.547213300021891,0.5794594
node_1343374,8.425836397680492,0.5951958
node_526952,5.931950146046129,0.48957404
node_917778,8.270031020533764,0.5794594
node_1003486,8.75303764891958,0.5794594
node_737404,5.5360685199645605,0.50933355
node_993272,11.366657475340899,0.63926893
node_842051,5.5802024550385125,0.50933355
node_897314,5.266238644338973,0.48720735
node_894474,6.510580885739297,0.4996532
node_869896,5.210021060085482,0.49192446
node_804558,5.581464951233452,0.50933355
node_1339051,6.295429429353866,0.5760647
node_869223,5.581464951233452,0.50933355
node_2370173,9.110233027015564,0.5780182
node_1030352,8.853686987326755,0.5794594
node_2233855,8.683711417967766,0.5794594
node_2273973,8.80328516478611,0.5794594
node_903612,5.193973444493437,0.48720735
node_1352953,8.428959110890826,0.5794594
node_2232758,8.507286316463293,0.5704
node_765190,5.581464951233452,0.50933355
node_811519,5.391924805795166,0.50933355
node_2409795,8.245000774934704,0.5794594
node_558090,4.820876244476815,0.49920526
node_758780,5.581464951233452,0.5097856
node_648646,5.581670726336784,0.50933355
node_550952,6.368690860132797,0.502769
node_530307,6.277287546318306,0.5097396
node_900645,6.397979567844794,0.50933355
node_948532,8.480360833340383,0.5794594
node_894471,5.988464899076488,0.4981563
node_2250796,7.371238810947988,0.5794594
node_758644,5.581464951233452,0.50933355
node_870009,5.581464951233452,0.50933355
node_676883,5.9674578622536885,0.50933355
node_697629,5.5813866270853545,0.50933355
node_550616,4.25730709042639,0.48698986
node_545756,5.194764107932366,0.48720735
node_870008,5.581464951233452,0.50933355
node_688114,5.640858543782673,0.50933355
node_654431,5.142271814621941,0.48720735
node_526955,6.600575881509038,0.49799374
node_557993,5.581464951233452,0.50933355
node_731110,5.581464951233452,0.50933355
node_551857,6.712646080122183,0.5003415
node_638215,5.062075407034773,0.48720735
node_565071,5.659957503096125,0.48705432
node_894505,6.596913762991538,0.51378685
node_735961,5.581464951233452,0.50933355
node_1029873,8.784454454040675,0.5794594
node_653702,5.171160808117133,0.48725915
node_685051,5.502203983815697,0.50933355
node_2389188,8.754272570812155,0.5794594
node_880037,5.522051158762013,0.50933355
node_720500,5.087561565386681,0.50856185
node_720501,5.087561565386681,0.50856185
node_551539,6.586052280177323,0.50125116
node_1543314,8.501382922267965,0.5794594
node_550656,4.496803989986654,0.4866946
node_576545,5.696656637925171,0.48720735
node_737504,5.626169497799748,0.5096294
node_551588,5.428460715771731,0.49101722
node_1374592,9.137994122978702,0.6043538
node_2345744,8.53601524104628,0.5794594
node_528668,4.633795633937758,0.44460538
node_539647,5.194158755786706,0.48720735
node_593420,5.274795047221446,0.4872207
node_809082,5.581464951233452,0.50933355
node_655804,5.1447985705766035,0.48720735
node_812346,7.699844223956533,0.50933355
node_552067,6.708523902103463,0.5191711
node_605468,5.257655244202516,0.48722076
node_921838,8.440701320486054,0.57938105
node_839166,5.49146120682867,0.50933355
node_879704,5.552383572033945,0.50933355
node_731109,5.6359524546992095,0.50933355
node_621135,5.193956033284841,0.48720735
node_2255057,8.754187073502022,0.5794594
node_901483,5.042323622252652,0.49474362
node_629041,5.145083418176708,0.48720735
node_1443767,8.75303764891958,0.5794594
node_2608808,2.470559975071019,0.35446438
node_2394986,8.75303764891958,0.5794594
node_551049,6.980212371306227,0.56904745
node_550998,7.741495082022053,0.56640106
node_870058,5.598716443212129,0.51605195
node_779189,5.581464951233452,0.50933355
node_726036,5.58420337041427,0.5096562
node_901507,5.4328247909147525,0.5149253
node_561489,5.194158755786706,0.48720735
node_735775,5.58420337041427,0.50933355
node_690524,5.640029229319526,0.50933355
node_926557,9.760606891519915,0.5794594
node_587338,5.301281517049866,0.48722082
node_562718,5.193666343272077,0.48720735
node_898521,5.581464951233452,0.5090785
node_861086,5.9289378245321185,0.50933355
node_561490,5.194158755786706,0.48720735
node_898406,4.775553179821629,0.4707327
node_567327,5.1932364761056915,0.48720735
node_898026,5.194158755786706,0.48702502
node_897984,5.080485754583503,0.48702502
node_734917,5.581852924531746,0.50933355
node_633723,5.206174999651466,0.50933355
node_902107,5.774609690134987,0.50933355
node_726118,5.194158755786706,0.48720735
node_875449,5.581464951233452,0.50933355
node_538015,5.16969253621277,0.4941008
node_838487,5.857238121130599,0.50933355
node_633730,4.940735159301758,0.5283456
node_880357,5.581464951233452,0.5088688
node_902130,5.796048318796313,0.50933355
node_624300,4.486643393272221,0.47544748
node_600179,5.602062946454037,0.48733112
node_898027,5.194158755786706,0.48702502
node_578341,5.19625339531031,0.48720735
node_626506,5.145083418176708,0.48720735
node_3365600,2.3034260118610725,0.35499203
node_645395,5.032349024588354,0.48720735
node_2611855,2.523580665728388,0.35552257
node_879706,5.552383572033945,0.50933355
node_694873,5.227657379807797,0.49354374
node_621714,5.193956033284841,0.48770955
node_882862,5.194158755786706,0.48720735
node_3398758,2.5284169954157685,0.35552526
node_838941,5.581464951233452,0.5093495
node_838754,5.49146120682867,0.50933355
node_784861,5.059311730463192,0.49241206
node_719535,5.581464951233452,0.50933355
node_737363,5.536598803289466,0.50933355
node_545370,4.117890723708069,0.4852274
node_902110,5.414224251484117,0.50933355
node_29018,1.9172069627014814,0.39159137
node_529730,6.087032191112872,0.47244504
node_561495,5.029738416060455,0.48720735
node_667511,5.111124036346092,0.48720735
node_556966,5.957431179412557,0.5114467
node_2725005,2.3112940370836514,0.35446435
node_633727,5.2208168221917015,0.5017746
node_898072,5.154665041720527,0.48711848
node_660272,5.659013297757998,0.50933355
node_645390,5.0106336693153235,0.48720735
node_854870,5.581464951233452,0.50933355
node_3126308,2.2598138282262674,0.35451007
node_626095,5.11941232709784,0.49293023
node_555894,5.1928232978759805,0.48720735
node_2819657,2.329947560264292,0.3535417
node_735659,4.641194080193774,0.476521
node_549538,4.7533750472579515,0.48674926
node_2750434,2.3201544805374588,0.35480875
node_641661,4.819883620275736,0.49520466
node_3196244,2.3859781761315295,0.35446435
node_548030,4.170414769615532,0.4890929
node_2998922,2.4871084559052723,0.35446435
node_3398570,2.145512245584668,0.337919
node_247665,1.0902891976552775,0.19694963
node_664545,4.9970097223622085,0.49917996
node_571485,4.983777174900796,0.46081665
node_657169,5.194158755786706,0.48720735
node_2610244,2.3544602217614052,0.35446435
node_2682149,2.605170202439616,0.35443997
node_603457,5.1294191569182574,0.48722082
node_2870703,2.25755628602585,0.354491
node_2690045,2.565895941589206,0.3548365
node_2714995,2.2452806847640527,0.35446435
node_623707,5.193956033284841,0.4884072
node_2937137,2.478182402363647,0.35446438
node_2918182,2.3215938950177257,0.3543457
node_2501738,2.243328037976988,0.35353792
node_3327455,2.3259889899132626,0.35446435
node_3470803,2.3026726754455877,0.35446438
node_542985,5.407589760675225,0.50933355
node_3250328,2.3481783675091488,0.35446435
node_553905,4.749114349855068,0.48825714
node_3398759,2.5590247359825407,0.35552526
node_3239315,2.264699673358828,0.35446435
node_3502352,2.1371666828045752,0.3545246
node_3397175,2.486384556542183,0.35552526
node_2601471,2.3109455944030435,0.35446435
node_2923768,1.834461747747501,0.35218307
node_3359281,2.493412792349861,0.35446435
node_2672004,2.2294573278109375,0.35446435
node_3190048,2.4995448287558144,0.35502797
node_3064576,2.404645800230369,0.35463065
node_3133800,2.56612451613502,0.35522494
node_2714983,1.9309380864776313,0.35446435
node_3382027,2.5288644290326587,0.35552526
node_2605229,2.305961275789672,0.35446435
node_2584762,2.2996235382120744,0.35508302
node_3199826,2.75259501900058,0.4276323
node_2956549,2.431560214747848,0.35457724
node_2604851,2.132231937323884,0.29023272
node_3401076,2.550392579841944,0.35606873
node_2711010,2.305271829813203,0.35446435
node_3384642,2.657201318479188,0.35552526
node_3139652,2.204934987197572,0.35446435
node_2904764,2.2845739255116175,0.3547959
node_3264083,2.355588129953558,0.35446438
node_2999588,2.4182889448259997,0.35446435
node_2735530,2.8867307025742592,0.35645986
node_3010549,2.2846401830000187,0.35481542
node_3478396,2.409296347792147,0.35446435
node_2629006,2.4105853190758255,0.3549717
node_3183985,2.690300901899123,0.35446435
node_3004367,2.482147606987037,0.35446438
node_2644135,2.2861472149730013,0.35446435
node_2651838,2.3527291600050804,0.3571056
node_3414844,2.29908413095901,0.3546302
node_3404587,2.8643161013754495,0.35580313
node_2955698,2.495468547097072,0.35462055
node_2724359,2.221394281122171,0.35574263
node_3133353,2.6245431694164694,0.35496476
node_2670221,2.2242059552976796,0.35446435
node_3208998,1.809969305596565,0.3543273
node_2724318,2.258034837308111,0.35446435
node_2587600,2.4003519897599483,0.35446435
node_3253681,2.3557960197790297,0.3546398
node_3322117,2.2991857373188784,0.35446438
node_2691075,2.5332182551659144,0.35446435
node_2733686,2.159284966792719,0.35446435
node_3440529,2.5287485034866526,0.35552526
node_3295588,2.2823013939660584,0.3542253
node_3429809,2.3642299367913235,0.35446438
node_3198381,2.2603348013443734,0.35446438
node_2927022,2.3213346190324,0.35446438
node_2754519,2.484240807970704,0.35446435
node_2584761,2.2996235382120744,0.35508305
node_2627201,2.2498759671820836,0.35446435
node_3484381,2.2867048747398626,0.35691255
node_2606518,2.286694981789963,0.35453627
node_3168463,2.542638629420567,0.35446438
node_2661906,1.88844985821387,0.2907568
node_2821386,2.2185462144168477,0.35446435
node_2887007,2.2598138282262674,0.354491
node_2787462,2.259597798316948,0.35603842
node_3189024,2.3381031979738705,0.35446438
node_3197409,2.2636247089445436,0.35854644
node_3454360,2.2991857373188784,0.35446435
node_3195812,2.3609501099920465,0.35446435
node_3512615,2.508335160487201,0.35446435
node_3100546,2.302694550018835,0.35522035
node_2852388,2.497182836789767,0.35664737
node_3298656,2.2990544623893645,0.35446435
node_2680142,2.50765847686646,0.35446435
node_2905452,2.4477667187965317,0.35446435
node_2939282,2.3617416496529726,0.35446438
node_164348,2.5624821956465036,0.3706417
node_2791860,2.2227854042014785,0.3546726
node_3265721,2.393748668484547,0.35446435
node_3502295,2.443266502653601,0.3545246
node_3191043,2.338400644428289,0.35446435
node_3051565,2.338414334167253,0.35446438
node_3465723,2.308252589233339,0.35445943
node_3171827,2.322878815065907,0.35446435
node_3031380,2.078280034194325,0.29023272
node_3125408,1.86050855459022,0.34386408
node_3125665,1.3458900824257767,0.27172136
node_2931323,2.2564802866591918,0.35446438
node_3452938,2.299242426741282,0.35446435
node_2801887,1.8616319080863843,0.29023272
node_2481927,2.2044148117948477,0.35351813
node_2956064,1.5101162581267333,0.27172136
node_2685478,2.3799332810067386,0.3548909
node_2544166,2.077385643529644,0.35358334
node_2705142,2.7469237555647354,0.35446435
node_2975108,2.79920573676658,0.35446438
node_2536709,2.3183056138659683,0.35358334
node_3472897,2.4270702516373133,0.35422537
node_2509293,2.37353619850261,0.35416755
node_3126335,2.043428497097132,0.35446438
node_3284823,2.2939851587691398,0.35446435
node_3222408,1.733528025473253,0.29023266
node_2829695,2.354791300508956,0.3545692
node_3253680,2.118386646155736,0.29023266
node_2839014,2.259779373785432,0.35446438
node_3303021,2.0231422310322973,0.35446435
node_2682194,2.564910681527851,0.35446435
node_2623121,2.2868113004612405,0.35482004
node_2576021,2.5666371573780475,0.29282203
node_3425590,2.2991857373188784,0.35446435
node_3423121,2.2101504364393794,0.28118905
node_3197892,2.7240997732650647,0.35556072
node_3334598,2.295814707747142,0.35446435
node_2754668,2.275531380557016,0.35446435
node_3189022,2.3731608047842134,0.3593948
node_2748947,2.256371403732623,0.3548087
node_3181769,2.6585699004280783,0.35446438
node_3132754,2.5650966737919423,0.35446438
node_3077424,2.2052554188423583,0.35446438
node_2851925,2.5254719963354706,0.35446438
node_3403825,2.528648152852122,0.3555384
node_2974185,2.476616546718016,0.35446438
node_2797219,2.0435485755487246,0.35446435
node_2955780,2.49474724609119,0.35462055
node_3112436,2.557173693680786,0.35923347
node_3125836,1.8615099074307886,0.29023266
node_2960561,2.596551797310385,0.35446435
node_3096395,2.0733100595032536,0.35446435
node_2966151,2.600016936383827,0.35446435
node_2711292,2.212290645676902,0.33694658
node_3272772,2.4289329289003563,0.35358334
node_3206461,2.2651152007502593,0.35457024
node_2954545,2.4479117961096803,0.35446435
node_2709300,2.56595371646584,0.35802376
node_2604405,2.261076010228448,0.35446435
node_2852795,2.146949252612058,0.35446435
node_2635350,2.2855896329203467,0.35446438
node_2545307,2.1065169608965295,0.35358334
node_3017857,2.095742808371124,0.33694658
node_2604942,2.461333421861486,0.35446438
node_3159683,2.2012907899184224,0.35446438
node_3116654,2.190705502477225,0.35556826
node_3023306,2.548915077926405,0.35458207
node_3440517,2.326205066648697,0.35446435
node_3185526,2.5576411470931535,0.35668817
node_2544171,2.0736625652384717,0.35358334
node_2833994,2.1444432697725246,0.35440898
node_3074703,2.1095709479344844,0.35446435
node_2711867,2.5878049592654087,0.35446435
node_2612726,2.4971785348965994,0.35258347
node_3369756,2.4586679830711238,0.35446438
node_2677643,2.1621409609046873,0.35446438
node_2642590,2.326592123540462,0.35452133
node_3073663,2.126809172805996,0.29028308
node_3496897,2.187863132935036,0.35576472
node_2916966,2.3309187139610374,0.35456738
node_3030292,2.4680311808024946,0.35446435
node_3307635,2.4028512018254586,0.35448328
node_2427431,2.1286869190584303,0.29119
node_2563323,2.0660526904949625,0.35446435
node_3124746,1.679699741929534,0.29023272
node_2736611,2.2138489344437944,0.35446435
node_2637883,2.2875125728950563,0.35446438
node_2590435,2.4247473260077483,0.35481414
node_3254371,2.36031581358455,0.35446435
node_3365034,2.387130008256903,0.35499203
node_3632431,1.6022325381302298,0.34037918
node_2577147,1.7145181516433095,0.33694658
node_2841089,2.604552632520152,0.3549717
node_3122892,2.418262562646665,0.35447243
node_3416677,2.2991396722145923,0.35446435
node_3459404,2.422530548443816,0.35446435
node_2474473,2.0605049208987034,0.35446435
node_2621562,2.2610965370479663,0.35446435
node_3518964,2.200874100800853,0.35446435
node_3073409,2.3510347286221007,0.35446435
node_2954739,2.476616546718016,0.35446435
node_3519527,1.6289778675465227,0.25319907
node_3506539,2.324208946312434,0.35080218
node_2784555,1.8581513060887858,0.29023272
node_3108717,2.2594930252298138,0.35446438
node_3121919,2.388638437058079,0.3654925
node_2728275,2.6526460015808677,0.35456634
node_3123753,2.2593147718187363,0.35481542
node_3020086,2.091800555293421,0.35446435
node_3091593,2.4144019145440327,0.30231547
node_3124754,1.6528040411286462,0.29023266
node_122346,1.5121138184850293,0.24655847
node_3124614,1.6982721519658637,0.29023272
node_2802595,2.3305138342837113,0.35446435
node_3123337,1.9091636374374596,0.2746273
node_2562246,2.129996529122387,0.35446438
node_3120290,2.6757009652371844,0.35404703
node_3439739,2.478270966998491,0.35446435
node_2677681,2.7467842961377604,0.3546313
node_3433637,2.424710735634309,0.35446435
node_2775031,2.2675500898387697,0.35813302
node_2612942,2.466089862080118,0.35502797
node_2649562,2.286828593622362,0.3492851
node_2956209,1.616998058639099,0.27477527
node_3464174,2.418146755792839,0.35446435
node_3518797,2.273925158596954,0.35446435
node_164252,2.527232953624747,0.27501467
node_2750100,2.2199863548470375,0.3548087
node_3474612,2.4150657490175464,0.35458598
node_2591452,2.517676340408532,0.35446438
node_2649564,2.286828593622362,0.34935838
node_2617397,2.3593121766841803,0.35491344
node_3327982,2.2862956947684467,0.35458598
node_2754478,2.2755010003679095,0.35446438
node_2593913,2.2610965370479663,0.35446435
node_3035189,2.3992222755893815,0.35446438
node_2577142,1.5534539396393705,0.33694658
node_2954861,2.2741285930411297,0.35446438
node_3502328,2.6109565467497213,0.35502797
node_2850775,2.183199262052345,0.35453323
node_2956140,2.3040058225986395,0.35446435
node_3010182,2.259075857396048,0.35481542
node_2862187,2.1981987455916743,0.35446435
node_2859062,2.645662570541214,0.36597976
node_3379474,2.496739832902392,0.35446435
node_3467536,2.216108560321818,0.35446435
node_2954878,2.3724422338823956,0.35443386
node_3243254,2.2659007191845952,0.35446435
node_3327841,2.3720767398639757,0.35467914
node_3125831,1.8616944162195426,0.29023272
node_3121752,2.411023314726157,0.35446435
node_2698918,2.3715469885708695,0.35446435
node_3480959,2.2985829551338917,0.35446435
node_3023141,2.3397531515161507,0.35446435
node_2745268,2.396966268569306,0.35446438
node_2998259,2.3791058718504874,0.35446438
node_2870349,2.2582103815015553,0.354491
node_2952292,2.47629323315032,0.35446438
node_2641195,2.2969612506099564,0.35446435
node_3091761,2.2418629021926924,0.35527375
node_3123548,1.7738990028684607,0.33694658
node_2956015,2.148566165294681,0.29023272
node_2755427,2.2588658593990556,0.35446435
node_2483061,2.1813354526472932,0.3535181
node_2723973,1.9668249518570278,0.33694658
node_2960453,2.476616546718016,0.35446438
node_218077,1.6956369636412907,0.26581046
node_3006139,2.408044641250439,0.35458598
node_3126651,2.400283379799346,0.35446438
node_3124235,2.0187761664221293,0.29023266
node_2733849,2.4011690655503473,0.35446435
node_3124548,1.891678274348497,0.29023272
node_2766109,2.259418711726306,0.35446435
node_2593914,2.261316631816809,0.35446435
node_2833235,1.9228241577539669,0.3438158
node_2611934,2.599522295378985,0.35562235
node_2410312,4.15855138138524,0.4864148
node_2628001,2.410820940476331,0.3549717
node_3272777,2.356168948245646,0.35358334
node_2902667,2.0754461300361244,0.35446435
node_3324578,2.252825064833718,0.354586
node_2650271,2.519403645735514,0.35443366
node_3441341,2.3432899842833326,0.35358334
node_3316761,2.3006439545797206,0.35446435
node_2796347,2.2601124574955676,0.35446435
node_3124553,1.8784946781571397,0.29023272
node_2676766,2.2289397433575564,0.35478577
node_2611632,2.1377864531085136,0.35502797
node_2608361,2.286490119103728,0.35446435
node_3105367,2.2592103816876907,0.35446438
node_2729282,2.118703352955347,0.3542373
node_3227232,2.2647420582892472,0.35446435
node_3314647,2.5547041720021584,0.28118896
node_2624013,2.285639031674348,0.35447142
node_3127715,2.2598138282262674,0.35446435
node_3278374,2.2944926070118727,0.35446435
node_3366145,2.2399244864668977,0.35499203
node_162073,2.2704400199587136,0.36306491
node_2586099,1.9810297573862807,0.35444248
node_3411530,2.0446429134540702,0.35516217
node_2654424,2.1856337516195494,0.35446438
node_3090857,2.2980925689201546,0.35527378
node_2749981,2.256440924734741,0.3548087
node_3158522,2.528644294390849,0.35466185
node_2802077,1.6751879584809746,0.2537075
node_3557752,1.357420339586664,0.27935547
node_3290898,2.3990399576987826,0.35446763
node_2930895,2.231754096208293,0.35442817
node_3127578,2.2598138282262674,0.35446435
node_2715083,1.9107690977725482,0.28987184
node_3520650,2.22592113454354,0.35446435
node_3483152,2.3791058718504874,0.35446435
node_2479102,2.3066639079838622,0.3535181
node_2668791,2.6065566966154936,0.35447472
node_3121120,2.2384461790509276,0.35446435
node_3168000,1.9407247228591475,0.29023272
node_2862190,2.197826747321314,0.355503
node_3327500,2.299968855600127,0.35458598
node_2755426,2.2588658593990556,0.35446435
node_3327948,2.306912455413726,0.35488564
node_3031314,1.9768220558889757,0.29023272
node_3028571,2.2134492224717306,0.35446435
node_2575766,1.7180006982605165,0.29023272
node_3327924,2.2909242368028866,0.35474455
node_2731724,2.1594028803588494,0.35491762
node_3210355,2.264734159109198,0.35446438
node_2483074,2.2794164841344933,0.35351813
node_2880901,1.95172132311228,0.354491
node_3111729,2.0434585561514083,0.35446438
node_2652080,2.3020131944119244,0.35446435
node_2966914,2.446604828784126,0.35446435
node_3103733,2.1438511716690445,0.28118905
node_3290904,2.262297891097198,0.35444832
node_3518971,2.476216989255452,0.35446435
node_3015089,2.034643226192312,0.35446435
node_2578232,2.2611131283568966,0.35446435
node_2548671,2.0974994769690927,0.35396284
node_2947269,2.476616546718016,0.35446435
node_3428574,2.273262338725539,0.35446435
node_2696898,2.7450287121323598,0.35446435
node_2681569,2.6610200853156374,0.35446435
node_3272686,2.3630836866429905,0.35358334
node_3519548,1.6712580898154805,0.19694963
node_2784538,1.8581513060887858,0.29023272
node_2724017,2.172397145080387,0.29023272
node_3470670,2.2991857373188784,0.35446438
node_2750812,2.1816752892985005,0.35358334
node_3281800,2.470364802366256,0.35446438
node_3125288,1.5165372075617738,0.29023266
node_3327705,2.476616546718016,0.354586
node_2833060,2.5019594147748845,0.35458598
node_3273705,2.300490794306824,0.35446435
node_3519520,1.816134793645072,0.2529641
node_3468403,2.368888123829283,0.35645986
node_3428458,2.299476031061685,0.35418743
node_3518926,2.476690025058358,0.35446435
node_2493836,2.108510877348416,0.35358328
node_2930892,2.231754096208293,0.35442817
node_2723896,2.238922802812642,0.35476568
node_2505188,2.1826248577798224,0.3544619
node_2491173,2.2244925451258144,0.35358334
node_3327599,2.435749015169688,0.35458598
node_2992841,2.4771508897942507,0.35446435
node_2728226,2.29262152372043,0.35446435
node_3124349,1.5107570533161288,0.29023272
node_164508,2.316280538527437,0.28045824
node_3269713,2.088477294045218,0.29023266
node_2591872,2.2993377612867203,0.35446435
node_3228198,1.725210261879736,0.29023272
node_2544115,1.732535584040999,0.29023272
node_3139934,2.2621922569208337,0.35446435
node_3174822,2.3279056893477046,0.35457495
node_3518833,2.2598138282262674,0.35446435
node_3510710,1.984269513232575,0.29023272
node_3521511,1.5690297583270458,0.19694963
node_3111761,1.901089899453172,0.33694658
node_2750799,2.318994784868462,0.3548087
node_3272688,2.306206375833392,0.3535833
node_2724313,2.096150560125632,0.35446435
node_3193522,2.002937760378599,0.35446435
node_2753299,2.238642918239402,0.35438234
node_213984,1.7184676691192102,0.28907397
node_2596717,2.286750899712047,0.35446438
node_3054929,2.156512896327438,0.35446435
node_3518689,1.5956021731303127,0.25319904
node_2574800,2.2896388962382397,0.35358334
node_2721045,1.9167365924633182,0.29023272
node_3203627,2.265133806709445,0.35457024
node_2715035,1.8628709887001342,0.29023272
node_61165,1.2897838848311132,0.27584246
node_3230569,2.1084262834805125,0.35080218
node_3170700,2.3289948484854643,0.3533914
node_3521866,1.6202196233100603,0.33861792
node_3085877,2.3299643569167974,0.35446435
node_2725441,2.7955338523553714,0.37213647
node_3178857,2.6926416474044377,0.3546205
node_3124708,1.6409897140670844,0.29023272
node_2617766,2.31128304066617,0.35446435
node_3327997,2.286750899712047,0.35458598
node_2808621,1.8617184192003857,0.29023272
node_3309307,2.2991857373188784,0.35446438
node_3301121,2.3125985668527975,0.35446435
node_2978132,2.538529643747199,0.35509613
node_2671813,2.2613282253907676,0.35446438
node_3327686,2.294573145574729,0.35458598
node_2597402,2.408647347654165,0.35446435
node_3014546,2.0463747391028204,0.33492973
node_3076330,2.2597570682912527,0.35446435
node_2576003,1.5220777511649761,0.29023272
node_3124261,1.8908887635397011,0.29023272
node_3290848,2.092102825367339,0.3546879
node_216904,2.1672367506299834,0.28960168
node_2548580,2.0937073578838308,0.35446435
node_3444753,2.0448310707653725,0.35446435
node_2575450,2.1680722160309274,0.35445496
node_3309641,2.2991857373188784,0.35446438
node_2844834,2.248081366862623,0.35446435
node_3085579,2.3595891091809436,0.35446435
node_3124425,1.768038346186921,0.35446435
node_3108561,2.2857322286773565,0.35444158
node_3124303,1.7494860386510103,0.33694658
node_2715358,2.2609225546245093,0.35446435
node_2931335,2.5548072793884775,0.35446435
node_3519455,1.594071233676991,0.2529641
node_3196597,1.7292071004360094,0.3439207
node_2940798,2.7167650392610336,0.35467887
node_2484873,1.5719895603716374,0.3535833
node_3107150,2.259498993010673,0.35444155
node_3518843,2.288505840004147,0.35446435
node_3276458,2.2442625926238313,0.35461253
node_2736963,1.9801711710596863,0.35446435
node_3018872,2.3133739260950796,0.35446435
node_3118576,2.717779869861932,0.35556823
node_2690132,2.2942049649638196,0.29023272
node_2683068,2.5658041544617882,0.35446438
node_2615743,2.360382891408654,0.3545978
node_3227002,1.9620198591836036,0.29023272
node_2775663,2.0370069986456323,0.3555266
node_2709714,2.1166873863175044,0.29023272
node_3018222,2.263016547226478,0.35446435
node_3128076,2.2603525100067436,0.35446435
node_2754589,2.275569127384628,0.355839
node_2778311,2.1355079679937803,0.29023266
node_2559957,2.2158488083974857,0.35446435
node_3518953,2.3718464762355436,0.35455874
node_2642896,2.303678582548894,0.35446435
node_2576047,1.5976266751590327,0.33492973
node_2923732,1.9743916290969428,0.35446435
node_2483290,2.1813354526472932,0.35351813
node_2615176,2.4643445095863212,0.35502797
node_3280369,2.1983725420545843,0.29023272
node_3235773,2.29066600005105,0.35446435
node_3501931,2.2598138282262674,0.35446435
node_2932446,2.244811851753556,0.35455063
node_2471312,1.6162865258784933,0.2915645
node_3518824,2.3155403874452296,0.35446435
node_2575507,1.6370098950581162,0.2908493
node_3228051,2.007298790652811,0.35446438
node_211209,1.4912666127219374,0.26986375
node_3156233,2.4788003988245366,0.35446435
node_3272700,2.347326974263954,0.35358334
node_3502157,2.278084228272189,0.35446435
node_3054259,2.32188861662017,0.35808378
node_2576430,2.4796146479191674,0.29023272
node_3272743,2.2708798215796664,0.35446438
node_2954731,2.515452663894082,0.30929542
node_2726221,2.3265442892981394,0.35446435
node_2582232,2.328760090184346,0.3509354
node_2584551,2.285453637297981,0.35443994
node_2668759,2.2609225546245093,0.35446438
node_2680494,1.8811435321357857,0.29023272
node_3028437,2.4768035383261378,0.35446435
node_3272622,2.408114692528752,0.35358334
node_3094854,2.2530233809665274,0.35502365
node_3272365,2.3941760513319035,0.29023272
node_2771252,2.223980932866076,0.34811115
node_3123956,1.8043977326788083,0.35446435
node_2543784,2.1068161751726846,0.35358334
node_3120682,2.363399557517728,0.35446435
node_2725439,2.430047272823342,0.35770655
node_2678882,1.9344194075874763,0.35446438
node_2756784,2.169971935891836,0.35446438
node_3056334,2.212040821376549,0.35438782
node_3272732,2.353841098974502,0.35396025
node_2549787,1.8550380196174308,0.35702822
node_2589651,2.354518136779887,0.35446438
node_2474771,2.1651609463351966,0.35380545
node_2995127,2.2180171719817805,0.35446435
node_2727561,2.348289044929817,0.35446438
node_2648476,2.616996683614062,0.35358334
node_2575494,1.8883723791606155,0.29023272
node_2589268,2.2869554230522873,0.35446435
node_2589665,2.2627128040329567,0.35446435
node_3235360,2.2066994772176107,0.35358334
node_2587512,2.0792654639249273,0.28830314
node_3269970,2.348432849160725,0.35446438
node_3086303,2.4109527106299025,0.35472977
node_2754536,2.350860315822118,0.35446438
node_3206612,2.29862705708898,0.35457024
node_2849066,2.3263615557269812,0.35446435
node_3518995,1.890460694363608,0.25367206
node_2471310,1.6162865258784933,0.29156446
node_2576046,1.599037203003728,0.33492973
node_2576632,2.1375170106586734,0.35358328
node_3509808,2.237917493421666,0.35446438
node_2592848,2.3527637359668794,0.35446438
node_2520715,2.0403073739277313,0.29023272
node_2642006,2.286750899712047,0.3549922
node_3069589,2.4167166743044146,0.3553094
node_3245691,2.437794019012282,0.35433012
node_2474530,2.0892916393775978,0.35446435
node_2716826,2.364819252454945,0.35452542
node_3522552,1.2431188386823862,0.25367206
node_3468968,2.2991857373188784,0.35446435
node_2599485,2.260152907316197,0.35446435
node_303264,1.3542012698753632,0.26592034
node_2534123,2.064063350045908,0.35358334
node_3196534,2.3331568947676966,0.35446438
node_2548800,2.0836569980974433,0.35446435
node_3273021,2.3434911399917064,0.35446435
node_2915315,2.334902671240802,0.3551017
node_3020370,2.3133739260950796,0.35446435
node_2638708,2.2869089724863403,0.35378656
node_3341496,2.3113343288370136,0.35446438
node_2549753,1.855314740323001,0.35446435
node_2575875,1.3651342698639752,0.25367206
node_2557343,1.7171427608940009,0.29023272
node_2634712,2.284957422058203,0.35488835
node_2861318,2.2114121713000947,0.3585379
node_3521529,1.4006248801442458,0.29413235
node_3271738,2.008173219901367,0.35439306
node_213067,1.3019276631676646,0.1995266
node_3269588,2.348432849160725,0.35446435
node_2518131,2.2521311821958223,0.35393557
node_3302899,2.031887286833973,0.35446435
node_2897040,2.259185045689011,0.3547959
node_2954805,2.305639441629907,0.35446435
node_2479513,2.0944178356229672,0.35446435
node_2744765,2.2563509198090883,0.3548087
node_3271739,1.9135551806178144,0.34279832
node_2576043,1.440592287807259,0.33555973
node_3206611,2.297166812572942,0.35457024
node_3271740,1.768865291926962,0.34279832
node_2475136,2.150785882295392,0.35351813
node_3054427,2.238843247910445,0.35446435
node_3514803,2.5971069994336426,0.35446435
node_2541789,2.107095942697256,0.35358334
node_2718634,2.26029791863217,0.35437173
node_3050252,1.845153096162883,0.3553762
node_3111703,2.091143787442915,0.35446435
node_2575248,2.1603779445099147,0.35446435
node_2725560,2.259784624614885,0.35446435
node_3417249,2.4228533915298747,0.35446435
node_3633381,1.576799799972883,0.25367206
node_2555827,2.279682669645789,0.35446438
node_2878844,2.2928607744689584,0.354491
node_2486089,2.0105191453685443,0.35418352
node_3119647,2.4710379550826014,0.35446435
node_2668762,2.2609225546245093,0.35446438
node_3123476,1.6789935894300552,0.33536962
node_524829,1.0903869677259177,0.19694969
node_2954706,2.476616546718016,0.35446435
node_2559307,1.7940924424715696,0.29023266
node_3496120,2.1873502181445725,0.3545181
node_2801931,1.3887196256314727,0.27172136
node_2547066,1.5479039634065925,0.27172136
node_3182032,2.569490755340677,0.3543625
node_3519148,2.0905404749501444,0.33492973
node_2617765,2.255888501453801,0.3548087
node_2500547,2.132393646381927,0.35358334
node_2553971,2.164945669022842,0.35446435
node_2454543,1.991429490319601,0.32069784
node_3050624,2.323790835493189,0.354491
node_3498895,2.2604064700119646,0.35446435
node_2775043,2.2206536444859464,0.3553762
node_3498871,2.259171331799652,0.35446435
node_2726126,2.2263514600452847,0.35446438
node_3519492,2.0380419355411576,0.34055793
node_3519146,1.6262069409753126,0.19694963
node_2486102,1.9957456302228025,0.35419267
node_2954773,2.491926525646368,0.35446435
node_2881154,2.295180754863072,0.354491
node_3336614,2.3089364378631094,0.35446435
node_2560769,2.0422926795093166,0.35446435
node_2694655,2.5661690967770285,0.35446435
node_2836134,2.4026103208586433,0.35442123
node_2423065,1.8100333400043567,0.29175428
node_2990131,2.379680432477964,0.35446435
node_3125856,1.9103610068106256,0.35446435
node_2486093,2.01009678770756,0.35418352
node_240960,1.574627867095037,0.2728797
node_2575965,1.7479823553691698,0.3071642
node_3521970,1.6172289551182708,0.33575648
node_178960,1.0691212079071537,0.19707768
node_2442951,1.683481289821349,0.29130968
node_3057204,2.239470040919137,0.29025966
node_2751518,2.06022606979677,0.3549002
node_2527648,2.1602333502842854,0.35358334
node_3057111,1.9060663638211015,0.3353407
node_2532551,2.07791016443905,0.35366732
node_2714656,1.642692001934907,0.35446435
node_2777363,2.202345178880098,0.33492973
node_2669800,2.2609225546245093,0.35446435
node_2583110,2.2614155527889976,0.35446435
node_2474724,2.138280394843731,0.3535181
node_2643664,2.2874459232984528,0.35446435
node_12372,1.634960006183184,0.281358
node_3056611,2.3123138341211913,0.35455874
node_2539927,2.13813665912108,0.3536083
node_3519199,2.234723290459294,0.35446435
node_2575889,1.307022552947374,0.19694963
node_2544276,2.3375645365059863,0.35446438
node_3040766,2.2574619336583686,0.3553255
node_2537604,2.2957641934918622,0.35358328
node_2576473,2.3761746925543688,0.35446435
node_3085817,2.173597089268979,0.35446435
node_2544696,2.295048928745359,0.35446435
node_2554832,1.9870253948773244,0.35446435
node_3519074,2.6641132102092686,0.35802376
node_3519213,2.356851063627201,0.35446435
node_2777359,2.3061211146535765,0.35446435
node_2575239,2.144847297780624,0.35446435
node_2461215,1.4073655775979927,0.28895602
node_3518804,2.269333742714379,0.2937125
node_2421555,1.4422855496581208,0.27673924
node_2777365,2.1457951285663617,0.33492973
node_2460260,1.6549736952600091,0.27116197
node_460779,1.477578243382462,0.26592034
node_2930944,2.4567365978255706,0.3550682
node_2723463,2.223105548362528,0.35446435
node_2575184,2.153354017003821,0.35446435
node_2716717,2.2598138282262674,0.35516784
node_3272796,2.32464899488436,0.35446438
node_3271894,1.904927181664415,0.35446435
node_2724302,2.2609225546245093,0.35446438
node_2500022,1.810333115397095,0.29023272
node_3195463,2.0514876379031834,0.33718055
node_3210374,2.265897743152545,0.35446435
node_3233737,2.2646605362895977,0.35516784
node_218213,2.39065470481716,0.3704998
node_3272798,2.0581764404960357,0.35446435
node_164229,2.2207995624350456,0.36113858
node_2714502,2.067234678385047,0.35446435
node_3004028,2.294573145574729,0.35446435
node_3125516,1.4884217747214685,0.29023272
node_2575409,1.795053721671154,0.35218307
node_2930680,2.3483150782064715,0.35452545
node_2471081,1.6262309569767506,0.33492973
node_2576586,2.0022306525085938,0.33879647
node_3277620,2.189343447021397,0.3611529
node_2462040,1.4324824753222658,0.29009444
node_238647,1.1523712373443287,0.22491439
node_2603186,2.2871613260027837,0.35446435
node_211255,1.2844521745009694,0.25242567
node_190488,1.4368672707320542,0.33907396
node_3522350,1.2404727744873905,0.19694963
node_2470845,1.4821029820167566,0.27172136
node_3521875,1.4922177109444206,0.2528089
node_3511891,2.110911475242681,0.35446435
node_2577082,2.0585273386510665,0.35446438
node_3085735,2.259745948280055,0.35446435
node_3271733,2.0445687416973923,0.35446435
node_2556510,2.042445070250134,0.35446435
node_3293250,2.3317002978215076,0.35446438
node_2565787,1.86011642992521,0.35446435
node_2522018,1.5885905363934298,0.3244677
node_3111708,2.050688874409331,0.34386408
node_3085828,2.3403112023870656,0.35446438
node_314915,1.573726905897434,0.29110247
node_92118,1.4811373568481914,0.26592007
node_3381114,2.0242922089187187,0.35446435
node_3297897,2.3849532226421055,0.35395408
node_2775055,2.2881151956516654,0.35446435
node_2600572,2.287064059674197,0.35446435
node_413056,1.6451159268771065,0.27907622
node_3518391,2.139020861554256,0.35446435
node_383490,1.417067433079867,0.26690745
node_2576470,2.277068249358002,0.29023272
node_3519250,1.8299951562648173,0.29023272
node_3521254,2.1156340673374734,0.3367601
node_2459095,1.6660702199734154,0.29106247
node_2522016,1.7520705535596905,0.35446435
node_2576728,2.125459080019837,0.35446435
node_247870,1.5282836045594328,0.2921318
node_3521027,2.106737495063654,0.35446438
node_220423,1.1500730497735863,0.22437645
node_2575993,1.757231489096176,0.29203373
node_171803,1.4309059446426813,0.24785477
node_476215,1.4849776705872069,0.26592034
node_2446052,1.653214887206696,0.29106247
node_2456970,1.6660702199734154,0.29227072
node_2716834,2.3375300623584145,0.35452545
node_2933640,2.165563581155589,0.35446438
node_2569523,2.112668329757213,0.35446435
node_173511,1.2685252750417435,0.31662408
node_162537,1.814609000704358,0.30836698
node_2954761,2.379663742409812,0.29023272
node_3519062,2.6008744177353935,0.36896983
node_3519245,1.671534321465758,0.35600254
node_163058,1.8413110553990215,0.28804484
node_3521288,2.1119787199246476,0.3429089
node_173543,1.2515139894832386,0.24651875
node_12365,1.498131267858731,0.281358
node_2459897,1.1973133509983243,0.19954017
node_431339,1.524873143028538,0.26592034
node_2474364,2.075260887510155,0.35446435
node_2453070,1.6660702199734154,0.29106247
node_172412,1.9339118637661805,0.32842907
node_3272789,2.274797560390893,0.35446435
node_12366,1.8213359567830656,0.29083893
node_3272698,2.4611854226405816,0.35358334
node_314912,1.6141408596878328,0.29119843
node_2576614,2.241446088956986,0.35358328
node_2459104,1.6872436037462826,0.29106247
node_2461234,1.7621423959443046,0.32399106
node_2461235,1.9990748423253013,0.32399103
node_2515590,2.1310224115966308,0.35358328
node_160831,1.71910707674935,0.30768248
node_2459119,1.6872436037462826,0.29106247
node_2461236,1.9487204831116987,0.2907643
node_447185,1.474320857403364,0.26592034
node_160400,1.8599754384434664,0.2965305
node_2528702,2.1633323121366415,0.35452545
node_2459765,1.2784259039320893,0.23431785
node_263666,1.3751048049560226,0.2659203
node_3519414,2.1115492631537527,0.33677217
node_2441698,1.8923683442451518,0.29106247
node_427249,1.8593728017517517,0.2659203
node_388664,1.7252099961973764,0.2782859
node_172408,1.871532612365013,0.32842907
node_3520545,2.3125925885619694,0.35498586
node_247872,1.5288247127259413,0.2921318
node_2548709,2.1072954962389363,0.35358328
node_2575391,2.04063879613546,0.29023272
node_448706,1.5124174569253572,0.26602077
node_2569689,2.100540802341396,0.35446435
node_2576935,2.1516241660098006,0.35358334
node_2454067,1.6395138557967421,0.29106247
node_2576577,2.090937840833297,0.35358334
node_463270,1.46443530438,0.26592034
node_2422355,1.6848543607845756,0.29106247
node_273984,1.4107419617568717,0.26592034
node_92115,1.3281002863064262,0.26592034
node_3111717,2.1927095203462246,0.35446435
node_240331,1.6824888239690436,0.26519337
node_3519600,2.076026723889643,0.30713296
node_2548937,2.0956216689263303,0.35462144
node_314903,1.7478549268565333,0.2662217
node_314905,1.7746397109895329,0.2607277
node_314909,1.7928844181185968,0.28250158
node_12245,1.5056295513802667,0.28135806
node_2574171,2.1072954962389363,0.35358334
node_519390,1.510584389242356,0.26740348
node_3521317,2.065607475192212,0.35446435
node_2442171,1.4206910592847257,0.31733894
node_3093464,2.052547558321501,0.35462144
node_162450,1.82260224001343,0.30768248
node_408095,1.500471181826364,0.2659203
node_159472,1.8220317035536135,0.30768237
node_159477,1.82260224001343,0.30768248
node_442065,1.5393780216534438,0.2660513
node_415839,1.4724627439483617,0.26592034
node_2578450,2.1793291556993712,0.29023266
node_3520712,2.0359213636892917,0.35358334
node_2554030,2.135775838567459,0.35438514
node_2552595,1.9363361345469134,0.3529181
node_2931351,2.2233732686285363,0.35446438
node_3273721,2.2599954872722257,0.35465273
node_163870,1.8369656996119317,0.30768248
node_298922,1.3907448111586107,0.2662432
node_3563881,1.4654484552138005,0.25627124
node_442010,1.5133963410901077,0.26592034
node_2569496,1.820174503979859,0.35446435
node_2421608,1.6304977001043526,0.2890901
node_217494,1.457435518357958,0.28998452
node_171429,1.941533141319778,0.32209843
node_266174,1.6079455431772496,0.28898716
node_211254,1.099332130257344,0.19940704
node_2554659,1.7050481554460368,0.35446435
node_448705,1.4849776705872069,0.26602077
node_197316,1.3145668608669898,0.24538155
node_498203,1.5705507472924225,0.2659203
node_3573853,1.6499086649423929,0.28988782
node_385634,1.4166245862450149,0.26614162
node_504341,1.4898891396948901,0.27009585
node_520861,1.6232221900594417,0.27828586
node_242229,1.5950210904467281,0.28269947
node_248407,1.2475519611493067,0.22884259
node_171399,1.791925320757615,0.26519337
node_394614,1.4509890053763792,0.26592034
node_3093463,2.069494765813457,0.35462144
node_2471269,1.6044541736189455,0.35446435
node_259465,1.452105947008509,0.26592034
node_247059,1.553396678207695,0.28907245
node_423365,1.472219285000468,0.26592
node_171422,1.8451510425086297,0.34258538
node_2575081,2.0713594068143477,0.35446435
node_295194,1.4371705337393847,0.2659203
node_2446206,1.6660702199734154,0.29106247
node_3569777,1.4942488018776185,0.26809418
node_338884,1.5015031472355147,0.26592034
node_2554662,1.7927747405141359,0.35446435
node_272545,1.436791688903579,0.2688384
node_3522057,1.8068012922268717,0.2910712
node_405714,1.4375763409110687,0.26609454
node_345466,1.416648938230957,0.26592034
node_3521636,2.271583714909952,0.35439306
node_443563,1.504324680618287,0.26592034
node_2471267,1.807869843203446,0.35446435
node_75727,1.4357607469702944,0.2504883
node_483853,1.5068783302678035,0.26592034
node_2573997,2.1399363101955275,0.35396022
node_242249,1.5761976328056486,0.2731698
node_370611,1.4897933862560946,0.26785803
node_511838,1.4889330247945298,0.26592034
node_3521889,1.7116195199499127,0.32209843
node_473445,1.4335224045740962,0.26592034
node_2462785,1.5081696797741138,0.29023272
node_3573973,1.7127530180379416,0.28924268
node_433881,1.4706738230611045,0.2662432
node_516847,1.375083700146944,0.26592034
node_249062,1.469654262427111,0.26784512
node_359293,1.5795166744588394,0.26666903
node_503419,1.4884968456132988,0.27009585
node_471689,1.4623225544907095,0.26592034
node_388652,1.4503899270671636,0.26592034
node_499692,1.4254583016407112,0.26592034
node_443386,1.504188666030829,0.26592034
node_3568381,1.3191834473584059,0.24171416
node_433603,1.6787561156045372,0.2882028
node_101919,1.2173643740678917,0.28399926
node_413481,1.5002644281424287,0.26620507
node_2515466,2.225279313729751,0.35349324
node_508239,1.4886753010330203,0.2662432
node_3568553,1.3192378180969417,0.2417142
node_214308,1.733852897220259,0.2890149
node_383588,1.397671794267098,0.26690745
node_164240,1.5352971865918634,0.35269564
node_3521067,1.889169062638879,0.35446435
node_20890,1.585845218691147,0.26914236
node_433604,1.5250873876581619,0.26697123
node_197267,2.1031889859205504,0.26972437
node_376556,1.4171627829613165,0.2659203
node_452223,1.464715914869082,0.26634887
node_267913,1.4370560209607228,0.26723132
node_313668,1.486119127147924,0.26592034
node_3271970,2.3297499678875933,0.3545246
node_2435867,1.6660311302594524,0.29106247
node_3563731,1.4365102551566573,0.25627124
node_431543,1.5520511268865935,0.2659203
node_401610,1.4716002012435474,0.26624313
node_2474340,2.1022837652844104,0.35446435
node_2444396,1.9270223193519496,0.2901255
node_3522356,1.4468580741320962,0.33555973
node_2459666,1.622630425205421,0.29059735
node_2452666,1.6034601518347418,0.28661707
node_2454887,1.8847336886719492,0.29112008
node_364682,1.4897213231174447,0.2662122
node_212055,1.2724902381268106,0.29578882
node_2565267,2.084544070258807,0.355124
node_2427691,1.7043059521945416,0.29159954
node_448728,1.4851354116592945,0.27196896
node_454062,1.514043837724547,0.26900133
node_455403,1.4792498565502317,0.26577637
node_2452674,1.2901945437350886,0.30089045
node_469139,1.4502741905689311,0.26643574
node_247049,1.6230717220643167,0.29059735
node_2443898,1.7306729466899067,0.29232162
node_2569623,1.8026618606329505,0.29023272
node_164549,1.4717210525424993,0.28143188
node_3521645,2.1004729853758266,0.35528734
node_423246,1.4723371482330365,0.26848578
node_3568309,1.3044914196864528,0.24171425
node_14949,1.183363945593218,0.30792388
node_301882,1.4885186488282274,0.28730908
node_300047,1.3717095503542756,0.26592034
node_3521848,1.4405405936567655,0.25296426
node_2443900,1.4267857961303119,0.28690758
node_2427454,1.5168007086208823,0.2856149
node_360233,1.562579401504248,0.26826075
node_164239,1.6811573183222386,0.35269558
node_2460948,1.6660702199734154,0.29106247
node_2421491,1.940235645788464,0.26131988
node_2474683,1.9296246503136432,0.35620463
node_2566242,2.0035835144443674,0.35446438
node_2446266,1.455901631923384,0.27056557
node_2462781,1.438887942374668,0.33492982
node_2461843,1.100444712286029,0.19694969
node_486130,1.4970393109315152,0.27534977
node_413203,1.5002644281424287,0.26620507
node_3569621,1.3192235445486622,0.24171425
node_2444387,1.6270635967080744,0.26198858
node_364705,1.467978727083804,0.2662122
node_2474684,1.8432540079899717,0.35620463
node_293595,1.429127023528107,0.27009585
node_515639,1.562003910132168,0.26592034
node_468564,1.464652533002796,0.26592034
node_325710,1.4367041099239501,0.26592034
node_247855,1.5874330578307316,0.2621288
node_2421503,1.7015304020630682,0.261023
node_3521964,1.5672920166989823,0.30603915
node_2576156,1.900903615078086,0.35446435
node_500954,1.523912970252032,0.26592034
node_359388,1.58336501555111,0.26646563
node_325235,1.42550210593463,0.2662432
node_3633879,1.2018552805648821,0.19694963
node_495118,1.545119216258983,0.26592034
node_2437643,1.6391153961170086,0.26191393
node_241959,1.4802152109371804,0.2728797
node_504630,1.4369786834171798,0.26736283
node_3539109,1.2489474201509154,0.27506176
node_19102,1.536690072828436,0.26498556
node_289220,1.5153354066710347,0.2673081
node_405064,1.5383576292131425,0.26621222
node_2443673,1.8520276421878612,0.29106247
node_248840,1.3676735258167578,0.27764648
node_345478,1.417131356733041,0.26592034
node_452026,1.48169368392264,0.26724505
node_27413,1.6449985355931354,0.26472282
node_2426936,1.8008337276604212,0.29106247
node_501589,1.425385581032088,0.2659203
node_364919,1.5975632228414134,0.26983678
node_2445855,1.6631862928574406,0.2911264
node_503966,1.5165654801735113,0.27020013
node_214749,1.7317527993405029,0.2890149
node_171401,1.5673470609611806,0.32209843
node_360252,1.562620686491228,0.2659203
node_8521,1.0497106974846309,0.19694963
node_472805,1.4803118084929994,0.27749467
node_248351,1.238754426480281,0.22518972
node_3569998,1.336455071237974,0.2345816
node_86778,1.1487764127223297,0.21557572
node_520876,1.4882284299796744,0.26601818
node_323976,1.417150520729955,0.26592034
node_3567657,1.3189394138715063,0.24171425
node_449537,1.433311223575511,0.26592034
node_491520,1.5882461404547386,0.26592034
node_504131,1.4896633930038163,0.27116403
node_419303,1.5406995721390535,0.26826075
node_274992,1.4103000159137442,0.2660035
node_288660,1.43687318445885,0.26605022
node_477859,1.6809408903107628,0.26592034
node_504281,1.4173180729710582,0.27009585
node_2462070,1.6071365187524913,0.2590799
node_456869,1.4849776705872069,0.26592034
node_2421490,1.7454214805132757,0.26131988
node_333677,1.5107227809725179,0.26592034
node_350812,1.4770170177239053,0.26592034
node_443438,1.525294870998617,0.26592034
node_3539110,1.2493202478744514,0.27506182
node_379323,1.4436598907401252,0.26592034
node_512287,1.523489084552188,0.266476
node_488890,1.4888284178217506,0.26592034
node_3569685,1.339105735619447,0.2412598
node_320217,1.5197804335314526,0.26592034
node_504805,1.5056167889654648,0.26773512
node_345467,1.331675974316607,0.2293235
node_314253,1.4802281742746974,0.26592034
node_240286,1.3974993710592953,0.28818417
node_365311,1.4689790818948687,0.26728132
node_392158,1.4496871255980635,0.26592034
node_2426970,1.7255270148880824,0.2911265
node_414089,1.500562756726402,0.2659203
node_3570150,1.4655409673518596,0.27504906
node_496978,1.488495682204619,0.26592034
node_211539,1.4104308951482292,0.2903854
node_443390,1.5002815647106755,0.26592034
node_174647,1.3105797934255483,0.28842416
node_73601,1.1941547942584925,0.24093758
node_3569686,1.3387427773563725,0.24125986
node_240455,1.549651137472299,0.28866848
node_3557751,1.2309471578712363,0.27797222
node_352268,1.6897495189310716,0.27889553
node_501272,1.4679656640396272,0.26592034
node_2452704,1.574338112629506,0.29032263
node_523729,1.283331947806883,0.2294048
node_264324,1.4254365247954903,0.2659203
node_411431,1.5249373723429633,0.26592034
node_27029,1.4617581871770304,0.27950922
node_420436,1.5250635479834644,0.26592034
node_2426935,1.7926852576511614,0.29106247
node_217291,1.7431023632291542,0.2890011
node_249009,1.4488459320532263,0.26609793
node_355889,1.5800925637898808,0.2662432
node_314550,1.4069197499179926,0.26592034
node_504205,1.506036284679285,0.27009585
node_272415,1.437181632331686,0.2659203
node_331952,1.495389544074622,0.26592034
node_475714,1.5044566420060361,0.26592743
node_416788,1.3862970477910748,0.2294048
node_380944,1.4008747741929,0.26559597
node_217533,1.584464447785823,0.2890149
node_2422604,1.6673190525389043,0.29106247
node_446041,1.9262476352364235,0.2606846
node_500725,1.4883899719531741,0.26615044
node_216591,2.0043034100840376,0.29694328
node_2469750,1.3716734381066475,0.26159364
node_247905,1.4916954217145797,0.25482726
node_25798,1.4548614950690981,0.26862413
node_383582,1.4058439072502804,0.26690745
node_3569692,1.3882231911528633,0.23442954
node_3564536,1.4538207071029516,0.25627124
node_240284,1.4003308582195582,0.28818417
node_364940,1.4690686321201403,0.26760882
node_2474685,1.8662914730684448,0.35620463
node_3536423,1.3726289638231404,0.27506176
node_2461987,1.298185218886399,0.2659203
node_240469,1.3559947103652328,0.23079126
node_439574,1.5700377528933638,0.26592034
node_249226,1.4295528170263772,0.26589623
node_338667,1.4740371839362318,0.26592034
node_240468,1.3306065966978422,0.23079126
node_425990,1.7534249451463668,0.26592034
node_416784,1.4188156552428632,0.22940476
node_352273,1.540553169650453,0.26592034
node_414576,1.532327283454261,0.26592034
node_330121,1.4808795840663402,0.26592034
node_520807,1.4678650901111894,0.2659203
node_179053,1.2883486750638522,0.2581614
node_242813,1.4232166111614837,0.26560444
node_424133,1.5266386839505994,0.26005054
node_413461,1.4518686893772694,0.26620507
node_410020,1.5251565171659114,0.2662122
node_5272,1.2770657403107428,0.28727853
node_392275,1.374117863064899,0.26592034
node_494839,1.4876554839495701,0.26827514
node_73168,1.736795976217779,0.37123457
node_333685,1.465752417225742,0.2659203
node_3625462,1.134775087835927,0.21577196
node_75476,1.5449138648663447,0.26556882
node_523681,1.1406714497180033,0.19857998
node_285616,1.5244090640825665,0.27506852
node_481843,1.5673197754104373,0.2623608
node_464265,1.4765299099083757,0.26592034
node_190762,1.1869613877227494,0.22947867
node_507936,1.6630240022342668,0.2659203
node_522214,1.4334528507509743,0.26592034
node_301967,1.5384820061477587,0.28680727
node_380947,1.3897794982412128,0.26559597
node_504008,1.417743618846372,0.27009585
node_174643,1.2341348517513115,0.28682894
node_27028,1.52710891374384,0.28019494
node_240445,1.3202342460723664,0.19975078
node_326088,1.4898092326767027,0.26592034
node_73579,1.4142835531382532,0.25074312
node_280461,1.630699289854611,0.26871037
node_350621,1.4684311783681465,0.26592034
node_247040,1.310473806274353,0.28104866
node_235427,1.3872604199182144,0.25517347
node_504174,1.4172265306444802,0.27009585
node_469518,1.4621390905829927,0.26643574
node_75910,1.3909048455828157,0.25485542
node_3541143,1.3177761518605975,0.27506176
node_247026,1.2628626779794059,0.28104863
node_44273,1.2875752630691981,0.28737843
node_393056,1.417150520729955,0.26592034
node_504144,1.4172265306444802,0.27009585
node_357258,1.5372153290216846,0.26592034
node_16545,1.3172949192447623,0.3022136
node_471991,1.4711207606421148,0.26902136
node_355886,1.5540179939549383,0.26592034
node_462090,1.399995752236746,0.26592034
node_310312,1.43414770648416,0.26592034
node_3573334,1.6603848137243704,0.28946006
node_240214,1.2317302398806467,0.2584624
node_248345,1.1883160013825942,0.22491439
node_513439,1.4883985059592222,0.2662432
node_484803,1.5261030804135374,0.2662473
node_390676,1.6057069951292648,0.2782859
node_472219,1.4849795793787315,0.26637572
node_408463,1.4703148952414915,0.26633328
node_451892,1.476550332377753,0.26592034
node_12112,1.3052297422745016,0.24453847
node_177923,1.3402193438399967,0.24091358
node_392274,1.4235031206912885,0.2659203
node_413463,1.3663324795746272,0.26575446
node_73289,1.255061267352842,0.2516789
node_181803,1.2779349182862598,0.2581614
node_2469759,1.3445998803940715,0.2417142
node_3572535,1.6241144370164524,0.28945994
node_425400,1.624066104739631,0.2662432
node_504243,1.5042022438015223,0.27009585
node_343765,1.456467553303042,0.26619
node_382379,1.4254365247954903,0.26592034
node_248289,1.2560740207152865,0.21542063
node_510631,1.5030040268868259,0.26592034
node_2421510,1.7703864261213509,0.2809743
node_248282,1.293382003718339,0.21531548
node_248812,1.2608829127809784,0.22860895
node_504086,1.4172639752561327,0.26773512
node_498053,1.4886056810388684,0.26683116
node_2469760,1.4716996863985268,0.26387903
node_2461886,1.5310768549513016,0.26063123
node_523986,1.436816467883034,0.26592034
node_3562924,1.5156251777165735,0.25546145
node_317128,1.591369362723706,0.26592034
node_240257,1.408171722074829,0.26678652
node_390929,1.462336838965886,0.26592034
node_3542804,1.3176556033908204,0.27506176
node_3542246,1.2883710899490872,0.27506176
node_263020,1.3281829166361352,0.2294048
node_3567444,1.3250478358303803,0.30302513
node_195649,1.1460240024276964,0.22947867
node_2469748,1.339455352526715,0.26159364
node_248285,1.3560937070166001,0.21542057
node_268456,1.2878983193991522,0.25846234
node_240307,1.3221236637737845,0.22932354
node_349943,1.468435322580466,0.2662432
node_248862,1.5846102420175467,0.28718615
node_248286,1.3736061262681112,0.21542063
node_3562921,1.4872785336321404,0.25627124
node_370355,1.5915511074823574,0.22860895
node_125514,1.2361647322819873,0.2298232
node_104899,1.1875577090017904,0.2291878
node_2452669,1.4139839082421906,0.2881316
node_524493,1.2439885374424773,0.22907281
node_268457,1.2878983193991522,0.2584624
node_3602322,1.2376075124073729,0.21404222
node_30489,1.396304620411802,0.23110244
node_304243,1.442875894362105,0.26706195
node_315306,1.4363887194639278,0.2659203
node_248954,1.3382687298881648,0.26571622
node_37608,1.113283402209541,0.1974391
node_360952,1.465785358915731,0.26592034
node_123562,1.1702197074198923,0.19694969
node_248864,1.5769338809602473,0.28945994
node_385691,1.416769433597274,0.26592034
node_128342,1.1730792900061395,0.1969497
node_103983,1.2863390403087036,0.28674203
node_239838,1.3870344420888798,0.27092862
node_489867,1.4663520182071181,0.26592034
node_3567443,1.282099744507602,0.23418693
node_47346,1.1815331679531877,0.19858001
node_3502,1.2355594296631034,0.23046896
node_30485,1.3051414295022374,0.24113789
node_80389,1.419576034812914,0.2746273
node_249077,1.3378185959476805,0.2651933
node_2442522,1.4274976148664322,0.3103781
node_239818,1.2692304018583247,0.2312583
node_491103,1.468018129629617,0.26592034
node_3531375,1.2487874464772637,0.27506176
node_368560,1.4694179646943997,0.26592034
node_171633,1.586376260933539,0.26714253
node_235424,1.3295055170363508,0.25445786
node_3536820,1.6258680884171914,0.2744873
node_171686,1.347383236771543,0.26519337
node_235336,1.1073906590022036,0.19694963
node_417280,1.5249778919922052,0.2659203
node_81819,1.1937983077271295,0.21557572
node_524660,1.194022852220014,0.22595656
node_249081,1.3970838863965545,0.2659203
node_3499,1.2210387556085744,0.23046905
node_485689,1.468018129629617,0.26592034
node_239836,1.36033299507893,0.27082947
node_3550793,1.4519928233587542,0.23829782
node_377507,1.417051609909838,0.26592034
node_126017,1.1876810046742583,0.20305403
node_353265,1.5502443427638426,0.26592034
node_3636265,1.28002055641271,0.216972
node_73612,1.2999311480156321,0.24153179
node_347830,1.4503719169620646,0.27845573
node_288046,1.4256478942151332,0.2659203
node_3605290,1.2138475148644015,0.19810852
node_248913,1.2419988852914818,0.20182233
node_238523,1.1348646389679053,0.19743912
node_240437,1.272357277478784,0.19692585
node_280499,1.5955131362265318,0.26692843
node_177689,1.2195503192253665,0.24049403
node_190558,1.0858964555839692,0.19699316
node_334100,1.4898092326767027,0.2659203
node_5254,1.1649023409579071,0.25866696
node_240395,1.4520308576473044,0.27878976
node_352769,1.5502443427638426,0.26592034
node_3574044,1.5529913961451811,0.28945994
node_3621310,1.217546065014845,0.22882041
node_3530779,1.3176934907506046,0.2750618
node_3495,1.1022908834797327,0.19694269
node_397666,1.436816467883034,0.26592034
node_236857,1.3768564277689095,0.19719756
node_3536043,1.3673280988056566,0.2766857
node_316959,1.456570715203284,0.2659203
node_3589872,1.0866756743985833,0.19913858
node_248202,1.2019308435816698,0.22942245
node_311939,1.4949350289470646,0.26595184
node_362553,1.478009573737564,0.2659203
node_103590,1.0568682966111544,0.19698097
node_3603361,1.11724022652809,0.21404222
node_3595891,0.9894152346892604,0.19699316
node_171494,1.368968039279743,0.2302846
node_248410,1.1607595786438263,0.19859332
node_16546,1.3830277229517918,0.30277324
node_323321,1.2770919651249826,0.22491439
node_239816,1.2207965889088195,0.3026824
node_3539359,1.2712378965109894,0.19744807
node_3535238,1.2487084631691474,0.27506176
node_108342,1.113627266720657,0.19687515
node_369938,1.7081895722738363,0.26592034
node_171640,1.5337197029959386,0.26226443
node_186293,1.4076197911847466,0.2601199
node_248912,1.1700424216817331,0.19738185
node_8034,1.1823056282497684,0.30106947
node_86693,1.1097443860863543,0.19694963
node_248824,1.2573549645524373,0.22884259
node_240156,1.1535674582698665,0.22491439
node_392252,1.4883216132599877,0.26592034
node_173406,1.2992391016685252,0.24121688
node_3585889,1.0655571170653628,0.19694969
node_82640,1.2132254194361622,0.21557572
node_14364,1.161557991392948,0.22860895
node_3605785,1.173590506381188,0.21314962
node_120132,1.140330770976015,0.19694963
node_487976,1.4887370524163512,0.2660035
node_174800,1.3094155334717927,0.2732268
node_7802,1.2583076765143635,0.24452174
node_3633169,1.141156070628605,0.19840801
node_3544574,1.1377060431786274,0.19694963
node_3544352,1.2747032283007185,0.28678626
node_203693,1.213253948888658,0.24049403
node_23734,1.4695862491364957,0.26862416
node_3625141,1.2292856733404336,0.21577196
node_27590,1.1894238426060204,0.30307227
node_292725,1.5514108348996476,0.2657337
node_3510,1.1332525211000848,0.19866753
node_125508,1.2292354478436776,0.1979468
node_212501,1.449102829994001,0.28674206
node_193778,1.2673841095559306,0.19694963
node_524659,1.2053035139220847,0.22595656
node_32039,1.113156886966685,0.1974391
node_5276,1.3076815472666141,0.2693875
node_2412997,1.1110964050330703,0.19719505
node_309108,1.4176706678899118,0.26611426
node_38417,1.1174283733330765,0.1974391
node_121215,1.2362611601058953,0.2055718
node_34587,1.1342324491347373,0.20918429
node_248957,1.3196512925658066,0.22855222
node_477712,1.485077601809378,0.2659203
node_392250,1.4620784962620648,0.2659203
node_245887,1.0755376358175104,0.19694963
node_3580755,1.110182740993904,0.1969497
node_3600508,1.1755318037026403,0.21404222
node_125509,1.3462699358370167,0.19862798
node_244517,1.0867159423464363,0.19694963
node_3615336,1.1841283711926154,0.19694963
node_132655,1.1156060294201862,0.20181608
node_3605784,1.1574369776021756,0.21314958
node_50052,1.1259169425277438,0.19743912
node_248943,1.1639460273753839,0.19743912
node_3576609,1.3507029873673195,0.2608643
node_93396,1.0006394373529548,0.19699316
node_3601721,1.1070660104667902,0.19737963
node_261310,1.436816467883034,0.26592034
node_143041,1.1130913788322958,0.19694963
node_61664,1.1422824775291014,0.21066634
node_3594800,1.2229962927195608,0.28674203
node_149897,1.153954032841989,0.19759478
node_93508,1.1338331903174237,0.21612392
node_3556424,1.1395992587569752,0.20990032
node_3544330,1.3522702428344933,0.28674206
node_140848,1.1130913788322958,0.1972574
node_104112,1.2843704213365612,0.25569746
node_143733,1.1131211606584048,0.19729154
node_52375,1.1480512570512678,0.19743912
node_38474,1.2394828818880483,0.24000572
node_34586,1.1342324491347373,0.20918429
node_3525625,1.2469096157303656,0.2750618
node_3548018,1.1438526863581508,0.1969497
node_52276,1.1131579203107027,0.1974391
node_240087,1.2870822755024427,0.2651933
node_39876,1.1816563137569682,0.19743912
node_113350,1.1156472792694752,0.19694969
node_76704,1.4153680453567927,0.27756968
node_143256,1.0853636121981447,0.20484743
node_154036,1.1483211429238958,0.19694963
node_44766,1.1215438317926525,0.19857296
node_187948,1.089318728380145,0.20812711
node_3612885,1.1616012569815208,0.19694963
node_2462794,1.3476608745553174,0.28661567
node_140653,1.2157597357628445,0.19694963
node_107033,1.1383657284220772,0.19673444
node_130025,1.167771741371796,0.1983198
node_165766,1.2855350226084714,0.22882041
node_3596979,1.1376891135560432,0.21314962
node_5228,1.1485006625158434,0.22491439
node_3597557,1.0834900556888356,0.19694969
node_247964,1.227496095713483,0.19858001
node_93417,1.1314404121496024,0.21557572
node_3599860,1.0963151896724195,0.21844193
node_93505,1.1392690186138532,0.21557572
node_3607040,1.1335597688028982,0.19886257
node_3526440,1.2498151566504108,0.27506176
node_3587460,1.2300636991866474,0.19694963
node_246273,1.145028789089818,0.19907592
node_188237,1.0646747741078932,0.19707768
node_3595888,1.082163531960869,0.21314958
node_3544394,1.2387986822681918,0.28674215
node_525305,1.078542890805769,0.19694969
node_93434,1.1079901129999106,0.21557572
node_170243,1.084670983508954,0.19732958
node_3580706,1.1227010068573502,0.19694963
node_152623,1.1132415026846019,0.19694963
node_76774,1.1683559620445894,0.19694963
node_151998,1.1779905474956973,0.1969497
node_102592,1.1215949252221524,0.19694963
node_139619,1.2638888584281625,0.19751397
node_3599205,1.0734520603460145,0.21314962
node_3607612,1.1568031992246341,0.19886257
node_197042,1.1323257529415016,0.19734932
node_28455,1.083803010638145,0.1969497
node_207648,1.0358827033264748,0.19670969
node_87304,1.0536725149908512,0.19694963
node_30466,1.3532559452531183,0.265292
node_3544403,1.2856990175866347,0.28674206
node_197861,1.0821792902163054,0.19707769
node_73054,1.0942517539869123,0.19694969
node_3588888,1.0779804587463413,0.19694963
node_55677,1.1424325558900008,0.21066634
node_248005,1.1068997394253202,0.19694963
node_136576,1.117578535959813,0.19694963
node_153940,1.115343802351145,0.19694963
node_3592552,1.00839175300411,0.1977013
node_243050,1.1895576305764775,0.25367206
node_116172,1.12123920904004,0.19694963
node_110156,1.1515919381880628,0.19705394
node_30357,1.2376266051257379,0.21663149
node_3594470,1.0805062637146852,0.19694963
node_80553,1.1514339826222033,0.21557572
node_30377,1.182021819822218,0.19743912
node_153942,1.069499363069814,0.19694963
node_3588887,1.0928208018269627,0.19694963
node_205703,1.218767000060224,0.24049403
node_199751,1.1156036712546535,0.1969497
node_228745,1.0830614002390464,0.19694963
node_2421177,1.0753662271702211,0.19694963
node_3581036,1.0659473798678323,0.19694963
node_2465301,1.046463620206906,0.19694963
node_209567,1.067390771387334,0.19694963
node_123754,1.170608591562453,0.1969497
node_229155,1.055981137068495,0.19694963
node_191392,1.145443578743028,0.19812444
node_3627030,1.132799761027575,0.19694963
node_141075,1.0909178894649763,0.19694963
node_102574,1.097404473403577,0.198027
node_100185,1.0967723047611582,0.19694963
node_93503,1.071958981081482,0.19694963
node_93445,1.1033516998808492,0.21557572
node_2464449,1.0719046045542804,0.19694969
node_3581535,1.0733797374470715,0.19694963
node_3631701,1.0973523018402824,0.19694963
node_2411410,1.0757108540228508,0.19712892
node_3591130,1.0520382163662076,0.19694963
node_164874,1.0745547373907642,0.19729073
node_2470855,1.2450838611479922,0.19694969
node_173874,1.0748699325686584,0.19694969
node_102562,1.0752251600961418,0.19687515
node_29108,1.0668490597121574,0.19694963
node_3045929,2.1891339587700767,0.35446435
node_164732,1.2187621402365005,0.3488046
node_3633250,1.1035962238613874,0.20585819
node_2614637,2.466364215287149,0.35502794
