Month,Mean,LogMean,Median,LogMedian,Max,LogMax,StandardDeviation,LogStandardDeviation,Percentile50,LogPercentile50,Percentile75,LogPercentile75,Percentile90,LogPercentile90,Percentile99,LogPercentile99,Percentile99.99,LogPercentile99.99
2020-02,1.053143582383184,0.05177957939585286,1.0,0.0,1.4665825237,0.38293488040582724,0.1392450095221014,-1.9715202390783397,1.0,0.0,1.2263369361,0.2040316252865808,1.2263369361,0.2040316252865808,1.2265513428,0.20420644507139568,1.4603510761376766,0.37867686992162347
2020-03,1.1508560083603818,0.1405060205762853,1.2263369361,0.2040316252865808,1.7807153429,0.5770151616063534,0.14004165729479193,-1.9658153485270244,1.2263369361,0.2040316252865808,1.2264852687,0.20415257380041157,1.2267861628,0.20439787409425214,1.2604856679,0.23149709741062938,1.590540560095858,0.46407393335682323
2020-04,1.1976626732915816,0.18037188516178915,1.2264827981,0.20415055942441251,2.2716384913,0.8205013734540927,0.09705743025327761,-2.332452411212991,1.2264827981,0.20415055942441251,1.2267735128,0.20438756254558585,1.2280210612,0.20540398039220942,1.3455202949,0.2967807746087864,1.6580505986,0.5056425741002778
2020-05,1.2190514103109642,0.1980730237779705,1.2265798029,0.20422964815212047,2.5194457799,0.9240389487243773,0.09577900106244129,-2.34571181362257,1.2265798029,0.20422964815212047,1.227162095,0.20470426376791034,1.24552188,0.2195546228078674,1.4100480958,0.343623814304781,2.3683506345598953,0.8621937780871615
2020-06,1.2328670801547685,0.20934241638799975,1.2267735128,0.20438756254558585,2.4017442647,0.8761952503377524,0.07120856377516552,-2.642142190055906,1.2267735128,0.20438756254558585,1.2300029865,0.20701659743015888,1.26097332735,0.23188390477652257,1.4403377964000001,0.3648776669114611,2.3975057644,0.8744289321104177
2020-07,1.2498007549355998,0.22298414255778892,1.2291053029,0.20628650868722415,3.1487289123,1.1469988514967149,0.07510787923601252,-2.58882980912403,1.2291053029,0.20628650868722415,1.2447435008,0.2189294852371086,1.3172868604999999,0.2755742126347034,1.516536929320002,0.4164293995282091,2.402747024093531,0.8766126761786235
2020-08,1.254237826089771,0.2265280782077704,1.2368026308,0.2125295259509574,3.1270679587,1.1400958111145088,0.07775859196205227,-2.5541462264777914,1.2368026308,0.2125295259509574,1.2607382389000001,0.23169745327760635,1.3493259346,0.2996051600510335,1.5242603171,0.4215092544231962,2.733312196143756,1.005514132454059
2020-09,1.2805460244992837,0.24728656861151035,1.2503382814,0.22341413982183725,3.174543732,1.1551639155612,0.096776218152915,-2.335353995122421,1.2503382814,0.22341413982183725,1.3474097245999999,0.29818402682578454,1.3574515429,0.3056090763509045,1.5898999050520006,0.46367106145304576,2.651821273030497,0.9752466767760023
2020-10,1.3028587214964626,0.26456086670510914,1.2868989975,0.2522354465133711,3.2784468627,1.1873697927817402,0.09419707963247656,-2.362366099658765,1.2868989975,0.2522354465133711,1.3572728537,0.3054774319007483,1.3699151297,0.3147487887970198,1.6231481751480001,0.4843675814372189,2.8142962909422606,1.0347122448844013
2020-11,1.3307854773872738,0.28576935240897816,1.31709101075,0.27542552496730527,3.4139169145,1.2278602873742905,0.14869811767490237,-1.90583708413749,1.31709101075,0.27542552496730527,1.3573372955,0.3055249096573839,1.39062588677,0.3297539240495681,2.053591367,0.7195901467287935,2.9250947921148747,1.0733268877193471
2020-12,1.445455839659222,0.3684247317891404,1.3549918157,0.3037954142396222,3.5022256691,1.2533986718503096,0.27907316592177145,-1.2762812880933643,1.3549918157,0.3037954142396222,1.4461366666,0.3688956328250818,2.0489305517,0.7173179749293062,2.0688507331,0.7269932516949433,3.143835792557387,1.1454436443726397
2021-01,1.591203370898909,0.46449056701874814,1.37800758,0.3206386733020273,3.551704304,1.2674275739168896,0.3433639614721662,-1.0689642822340197,1.37800758,0.3206386733020273,2.0488929394,0.7172996177208599,2.05350038212,0.7195458404967575,2.1466738475860003,0.7639195965913155,3.2750207368,1.1863242009144974
2021-02,1.7485498737290575,0.558786800837152,1.9604881589000003,0.6731935028952332,3.6869414938,1.3047972508863444,0.34562009124248017,-1.0624151093597978,1.9604881589000003,0.6731935028952332,2.0501304693,0.7179034346861269,2.0539323778,0.7197561887638346,2.3150095377,0.8394138074865138,3.4103885736,1.2268262360058264
2021-03,1.926293137266908,0.655597501829423,2.0490500152999997,0.7173762785732989,3.831072199,1.3431447115341417,0.2855373164446276,-1.2533825528419174,2.0490500152999997,0.7173762785732989,2.0518338423999998,0.7187339505407143,2.0655860870000002,0.725414005514358,2.3458108472,0.8526311191887023,3.412688655800574,1.2275004427340719
2021-04,2.057433518949301,0.7214593414792819,2.0502868571,0.7179797136536696,3.8251031685,1.3415854390716198,0.28856373473188845,-1.242839299817821,2.0502868571,0.7179797136536696,2.0560170935000004,0.720770661517502,2.3118813392,0.8380616256175835,3.3374265484,1.2052000155141516,3.557625973481643,1.2690934610314255
2021-05,2.247597206373566,0.8098617373175852,2.0509218453,0.718289372708427,4.2270742515999995,1.4415100874582876,0.4745698495072824,-0.7453464652174349,2.0509218453,0.718289372708427,2.2765769335999995,0.8226729699064952,3.2753283374,1.1864181197566055,3.3986768066,1.2233861813446434,3.7443123761071706,1.320237988924249
2021-06,2.8338653686589663,1.0416416343739872,3.2724935604,1.185552251007774,4.191750818199999,1.4331185030286995,0.6297330555695763,-0.46245927070993564,3.2724935604,1.185552251007774,3.3978817679000004,1.2231522280299147,3.3986029312,1.2233644445902792,3.5332489098,1.2622178187116286,3.845511743315736,1.346906687291543
2021-07,3.2308911754590244,1.1727580048944513,3.3941931485000003,1.2220660740024538,5.4058438883000015,1.6874805699493172,0.3850584882836799,-0.9543600386127181,3.3941931485000003,1.2220660740024538,3.3986029312,1.2233644445902792,3.4032092431,1.2247188814627332,3.5405761939000002,1.2642894805390492,3.832807424138217,1.3435975435861038
2021-08,3.337266133095695,1.2051519487904863,3.3944221684,1.2221335457590334,4.6865238892,1.5446911326415342,0.22391417872444103,-1.4964924312348733,3.3944221684,1.2221335457590334,3.3986097359,1.2233664467933387,3.4467180746,1.2374224955620639,3.617233579561985,1.2857095291436489,3.923589391173298,1.3670068958541535
2021-09,3.3708322412811715,1.2151596697454727,3.3947396311,1.22222706619929,6.980408490300002,1.9431074380274955,0.16011850758867177,-1.831841065481567,3.3947396311,1.22222706619929,3.3991931297000004,1.2235380886643865,3.459569504,1.2411441605194733,3.6699840126999996,1.3001873058444564,5.404074353500001,1.6871531789781322
2021-10,3.3855477123962268,1.2195156990051552,3.3955170734,1.2224560538023306,7.309109518900001,1.989121449501468,0.16878295808272153,-1.7791416611425892,3.3955170734,1.2224560538023306,3.4014306952,1.2241961358195756,3.45989034008,1.2412368949488823,3.6709331002000005,1.3004458804859331,5.741468112600001,1.7477149463738704
2021-11,3.411942473526464,1.2272817694423017,3.3979017572,1.223158110883577,7.306188177000001,1.9887216845429034,0.20766708115303276,-1.5718190529432794,3.3979017572,1.223158110883577,3.4165415044500005,1.2286287834014062,3.5310635122000003,1.261599103813655,3.7105643889,1.3111839914374384,5.810468520481327,1.7596612079707927
2021-12,4.136764629381856,1.4199139918268717,3.4589006371,1.2409508036389947,8.136983641100002,2.0964195512786787,1.023386806953386,0.023117525917628026,3.4589006371,1.2409508036389947,5.4039445650000015,1.6871291619032207,5.6131982049000015,1.725120647095035,6.536433603392997,1.8773916961456512,7.27064263434751,1.9838446830098342
2022-01,5.523449404803429,1.7090025572997234,5.567127783200001,1.7168792626293348,8.173315156500003,2.1008745984781787,0.6879699450199452,-0.3740101265670248,5.567127783200001,1.7168792626293348,5.741468112600002,1.7477149463738706,5.7567274787,1.7503691671926433,6.966414845156001,1.9411007230210253,7.491261831100002,2.013737252111554
2022-02,6.017533623554032,1.7946774782879016,5.741468112600002,1.7477149463738706,8.505646697200001,2.140730260252845,0.6656823469334948,-0.4069426787780205,5.741468112600002,1.7477149463738706,6.830201917400001,1.921354236454644,6.966163905800001,1.9410647010669402,7.017680141649998,1.9484326992699872,8.015697890974385,2.0814018553805904
2022-03,6.666009690081948,1.8970214335421494,6.966145803150001,1.9410621024095203,8.631764478700001,2.1554489429102914,0.5544770422068237,-0.5897298757416642,6.966145803150001,1.9410621024095203,6.966163905800001,1.9410647010669402,6.967423882400001,1.941245555649778,7.254295358100001,1.9815937566157669,8.061662118000001,2.087119753372648
2022-04,6.90698965856979,1.9325338928666518,6.966163905800001,1.9410647010669402,8.465518634200002,2.136001281776805,0.36616601093812495,-1.0046684666197434,6.966163905800001,1.9410647010669402,6.966593608525001,1.9411263834330754,7.150695113800001,1.9672095706937702,7.440760732000002,2.0069730925426668,8.440274509251921,2.1330148328718277
2022-05,7.166183732984714,1.9693732580998062,6.967271129800001,1.9412236315818494,9.4851802467,2.2497306065485354,0.47910382937197404,-0.7358379422801399,6.967271129800001,1.9412236315818494,7.415973946500002,2.003636315110134,7.5843879897000015,2.0260919226235754,8.392692887600003,2.127361432938295,8.619961429835428,2.154080610168541
2022-06,7.808118019530917,2.055163964202874,8.0348288558,2.0837856991244235,9.242791502400001,2.2238439506767107,0.6003670868254659,-0.5102139994704926,8.0348288558,2.0837856991244235,8.301041058400003,2.1163809356599197,8.392692887600003,2.127361432938295,8.483011990400001,2.1380655742868173,8.8330533335,2.178500745727332
2022-07,8.21652606162872,2.106147499499171,8.301158995200002,2.1163951430299814,9.697674370500003,2.2718861011448075,0.38758899056193424,-0.9478098034919072,8.301158995200002,2.1163951430299814,8.392698575700003,2.1273621106823932,8.4542368269,2.1346677153434244,8.611680363388004,2.1531194635541557,9.002083017831286,2.1974559969823257
2022-08,8.348244279722486,2.1220512508522917,8.3926928876,2.127361432938295,9.7906100385,2.2814237670117046,0.2691323363895011,-1.3125520635130958,8.3926928876,2.127361432938295,8.454236590700003,2.13466768740477,8.481360797140002,2.1378709082905094,8.772332874500002,2.171602777225079,9.323129599300003,2.23249836624765
2022-09,8.433756787924626,2.1322423178116567,8.402409565400003,2.1285185177386152,10.153125071300002,2.3177815468977965,0.2782201200091737,-1.2793426800044838,8.402409565400003,2.1285185177386152,8.456572650200002,2.134943967443363,8.75519864578,2.1696476548898946,9.117842770900003,2.210233237828141,9.745532332600002,2.2768089576964017
2022-10,8.593905168658234,2.1510532506931592,8.457239616200003,2.135022833873928,10.371254830700002,2.339038020774242,0.3350008127034709,-1.0936223211795033,8.457239616200003,2.135022833873928,8.7716455427,2.171524421930287,9.093234628100003,2.2075306895671543,9.444340684300002,2.2454156927255116,9.8525551484048,2.2877308274735184
2022-11,8.835999534440571,2.1788342328689345,8.833826341500002,2.1785882550119045,10.6180648745,2.3625567840034285,0.3703903856142194,-0.9931977333120618,8.833826341500002,2.1785882550119045,9.117826000800003,2.210231398564639,9.122638931900003,2.210759118798685,9.5751109672,2.2591671242632625,10.00905797722045,2.3034904807288923
2022-12,8.994155595127223,2.1965749880795973,9.096592347200003,2.2078998760517425,10.6555422165,2.366080152711931,0.3649080774570504,-1.008109799700738,9.096592347200003,2.2078998760517425,9.118259619300002,2.2102789546585413,9.383857401300004,2.2389909152958176,9.8523815498,2.2877132076650954,10.174157008162918,2.3198508785758665
2023-01,9.184812760507096,2.217551333103518,9.117842770900003,2.210233237828141,10.7798762143,2.377681082511397,0.4448706535731484,-0.8099717051952398,9.117842770900003,2.210233237828141,9.4510712573,2.246128095641675,9.8523815498,2.2877132076650954,9.9411809209,2.2966858185312544,10.6180648745,2.3625567840034285
2023-02,9.49759688345429,2.2510388069704192,9.666400520000003,2.268656008525548,10.9586076536,2.3941252345446347,0.45892839245818107,-0.7788610888084426,9.666400520000003,2.268656008525548,9.8523815498,2.2877132076650954,9.8547364729,2.2879521998006775,10.146549071970997,2.317133654767842,10.6180648745,2.3625567840034285
